IDAlumno;Estado;Sexo;Estado_Carrera;TiempoEstudio;Ausencias;CincoF;aplazos;Promedio;ADMINISTRACION Y MERCADOTECNIA;BASES DE DATOS I;BASES DE DATOS II;COMPUTACION I;COMPUTACION II;COMPUTACION III;CONTABILIDAD I;CALCULO I;CALCULO II;CALCULO III;DERECHO INTELECTUAL Y LABORAL;DISENO DE SISTEMA INFORMATICO I;DISENO TECNICO;ELECTRONICA I;EMPRENDEDORISMO;ESTRUCTURA DE DATOS I;ESTRUCTURAS DE LOS LENGUAJES;EVENTOS Y DEPORTES I;EVENTOS Y DEPORTES II;EVENTOS Y DEPORTES III;EVENTOS Y DEPORTES IV;EVENTOS Y DEPORTES V;EVENTOS Y DEPORTES VI;EXPRESION ORAL Y ESCRITA;FISICA I;FISICA II;FISICA III;GEOMETRIA ANALITICA Y VECTORIAL;IDIOMAS I;INFORMATICA I;INGENIERIA DE SOFTWARE I;INGLES II;INGLES III;INGLES I;INVESTIGACION DE OPERACIONES I;LABORATORIO DE IDIOMAS I;LABORATORIO I;LENGUAJE DE PROGRAMACION  I;LENGUAJE DE PROGRAMACION II;LENGUAJE DE PROGRAMACION IV;LENGUAJES DE PROGRAMACION III;MATEMATICA APLICADA;METODOLOGIA DE LA INVESTIGACION I;METODOS NUMERICOS;PROBABILIDADES Y ESTADISTICAS;QUIMICA;REDES DE COMPUTADORAS I;REDES DE COMPUTADORAS II;SISTEMAS OPERATIVOS I;SISTEMAS OPERATIVOS II;TALLER DE HARDWARE I;TALLER DE HARDWARE II;ALGEBRA I;ALGEBRA II;ETICA PROFESIONAL
5013.0;3.0;1.0;1.0;1.0;0.0;0.0;0.0;3.0;0.0;0.0;0.0;0.0;0.0;0.0;0.0;0.0;0.0;0.0;0.0;0.0;0.0;0.0;0.0;0.0;0.0;0.0;0.0;0.0;0.0;0.0;0.0;0.0;0.0;0.0;0.0;0.0;0.0;0.0;0.0;3.0;0.0;0.0;0.0;0.0;0.0;0.0;0.0;0.0;0.0;0.0;0.0;0.0;0.0;0.0;0.0;0.0;0.0;0.0;0.0;0.0;0.0;0.0;0.0
5082.0;4.0;2.0;0.0;5.0;3.0;2.0;12.0;2.547169811320755;3.0;2.0;0.0;3.0;4.0;0.0;4.0;2.0;1.0;0.0;2.0;3.0;2.0;3.0;4.0;4.0;2.0;5.0;4.0;5.0;5.0;5.0;5.0;2.0;2.0;2.0;2.0;0.0;3.0;3.0;0.0;2.0;3.0;3.0;0.0;2.0;2.0;0.0;0.0;0.0;0.0;0.0;3.0;0.0;2.0;3.0;3.0;2.0;3.0;2.0;3.0;4.0;2.0;0.0;3.0
5083.0;4.0;1.0;0.0;8.0;12.0;1.0;9.0;2.8653846153846154;3.0;3.0;1.0;3.0;3.0;0.0;4.0;2.0;0.0;0.0;3.0;4.0;3.0;3.0;5.0;3.0;2.0;4.0;4.0;5.0;5.0;5.0;5.0;3.0;3.0;2.0;4.0;0.0;2.0;3.0;2.0;2.0;3.0;3.0;0.0;3.0;2.0;3.0;3.0;0.0;0.0;0.0;2.0;0.0;5.0;3.0;4.0;2.0;4.0;5.0;3.0;0.0;2.0;0.0;3.0
5085.0;2.0;1.0;0.0;6.0;5.0;2.0;4.0;3.440677966101695;2.0;3.0;4.0;4.0;5.0;4.0;5.0;2.0;2.0;2.0;5.0;4.0;3.0;3.0;5.0;4.0;3.0;5.0;3.0;5.0;4.0;5.0;5.0;4.0;4.0;2.0;4.0;3.0;5.0;4.0;3.0;5.0;4.0;4.0;5.0;3.0;3.0;3.0;4.0;5.0;4.0;2.0;3.0;2.0;3.0;3.0;4.0;3.0;3.0;3.0;4.0;4.0;4.0;2.0;3.0
5088.0;2.0;1.0;0.0;3.0;1.0;0.0;1.0;3.767857142857143;4.0;3.0;4.0;3.0;4.0;4.0;5.0;2.0;4.0;2.0;5.0;4.0;5.0;4.0;5.0;3.0;3.0;4.0;3.0;4.0;4.0;5.0;5.0;4.0;4.0;2.0;3.0;4.0;5.0;4.0;3.0;5.0;5.0;4.0;2.0;5.0;5.0;3.0;5.0;4.0;5.0;2.0;3.0;4.0;2.0;4.0;5.0;3.0;4.0;3.0;4.0;5.0;4.0;3.0;3.0
5089.0;4.0;1.0;0.0;6.0;3.0;2.0;3.0;3.0384615384615383;3.0;3.0;2.0;2.0;3.0;2.0;4.0;2.0;0.0;0.0;5.0;2.0;2.0;2.0;4.0;3.0;3.0;5.0;5.0;5.0;5.0;5.0;5.0;4.0;2.0;0.0;0.0;0.0;3.0;4.0;2.0;4.0;4.0;3.0;2.0;2.0;2.0;3.0;5.0;4.0;3.0;2.0;3.0;0.0;2.0;2.0;2.0;3.0;3.0;2.0;3.0;4.0;3.0;4.0;3.0
5090.0;2.0;2.0;0.0;5.0;0.0;4.0;4.0;3.4915254237288136;4.0;3.0;2.0;4.0;5.0;3.0;5.0;2.0;3.0;2.0;5.0;4.0;3.0;4.0;4.0;4.0;2.0;5.0;4.0;5.0;5.0;5.0;5.0;5.0;4.0;2.0;3.0;3.0;5.0;4.0;2.0;5.0;5.0;5.0;2.0;4.0;3.0;3.0;4.0;5.0;2.0;2.0;3.0;4.0;4.0;3.0;4.0;3.0;4.0;3.0;4.0;4.0;5.0;2.0;3.0
5092.0;2.0;1.0;0.0;4.0;3.0;2.0;6.0;3.19672131147541;3.0;3.0;4.0;4.0;2.0;2.0;5.0;2.0;2.0;2.0;4.0;4.0;2.0;3.0;5.0;4.0;3.0;5.0;4.0;5.0;5.0;5.0;5.0;3.0;4.0;2.0;2.0;2.0;5.0;5.0;3.0;4.0;4.0;3.0;3.0;2.0;2.0;4.0;5.0;4.0;3.0;2.0;3.0;3.0;2.0;3.0;4.0;3.0;3.0;5.0;4.0;4.0;2.0;3.0;5.0
5093.0;3.0;1.0;0.0;0.0;0.0;0.0;0.0;2.5;0.0;0.0;0.0;3.0;0.0;0.0;0.0;0.0;0.0;0.0;0.0;0.0;0.0;0.0;0.0;0.0;0.0;2.0;0.0;0.0;0.0;0.0;0.0;0.0;0.0;0.0;0.0;0.0;0.0;0.0;0.0;0.0;0.0;0.0;0.0;0.0;0.0;0.0;0.0;0.0;0.0;0.0;0.0;0.0;0.0;0.0;0.0;0.0;0.0;0.0;0.0;0.0;0.0;0.0;0.0
5094.0;3.0;1.0;0.0;0.0;1.0;0.0;3.0;1.8;0.0;0.0;0.0;0.0;0.0;0.0;0.0;0.0;0.0;0.0;0.0;0.0;0.0;1.0;0.0;0.0;0.0;4.0;0.0;0.0;0.0;0.0;0.0;0.0;1.0;0.0;0.0;0.0;0.0;0.0;0.0;0.0;0.0;0.0;0.0;0.0;0.0;0.0;0.0;0.0;0.0;0.0;0.0;0.0;0.0;2.0;0.0;0.0;0.0;0.0;0.0;0.0;0.0;0.0;0.0
5095.0;2.0;1.0;0.0;3.0;4.0;5.0;0.0;4.036363636363636;4.0;2.0;4.0;4.0;5.0;5.0;5.0;2.0;3.0;2.0;5.0;5.0;5.0;3.0;4.0;4.0;3.0;5.0;4.0;5.0;5.0;5.0;5.0;5.0;5.0;2.0;3.0;3.0;4.0;4.0;3.0;5.0;5.0;4.0;4.0;4.0;5.0;3.0;4.0;5.0;4.0;3.0;4.0;3.0;4.0;3.0;5.0;4.0;5.0;5.0;5.0;5.0;5.0;2.0;3.0
5098.0;4.0;1.0;0.0;4.0;7.0;2.0;12.0;2.58;4.0;2.0;3.0;3.0;3.0;0.0;5.0;0.0;0.0;0.0;3.0;2.0;2.0;1.0;4.0;3.0;2.0;3.0;3.0;5.0;5.0;5.0;5.0;2.0;4.0;3.0;0.0;0.0;2.0;3.0;0.0;3.0;3.0;2.0;3.0;0.0;0.0;0.0;0.0;0.0;0.0;0.0;2.0;0.0;1.0;3.0;3.0;2.0;3.0;2.0;4.0;4.0;2.0;2.0;3.0
5099.0;2.0;1.0;0.0;6.0;6.0;2.0;3.0;3.5172413793103448;2.0;3.0;4.0;3.0;4.0;3.0;5.0;3.0;2.0;3.0;5.0;4.0;2.0;2.0;5.0;3.0;2.0;5.0;3.0;5.0;5.0;5.0;5.0;5.0;3.0;3.0;3.0;4.0;5.0;3.0;3.0;4.0;3.0;4.0;4.0;4.0;2.0;3.0;5.0;5.0;4.0;2.0;4.0;3.0;3.0;3.0;5.0;3.0;4.0;5.0;4.0;4.0;3.0;4.0;4.0
5100.0;2.0;1.0;0.0;4.0;1.0;2.0;4.0;3.3728813559322033;3.0;4.0;4.0;2.0;4.0;3.0;5.0;2.0;3.0;2.0;5.0;5.0;2.0;4.0;4.0;4.0;2.0;4.0;5.0;5.0;5.0;5.0;5.0;4.0;5.0;2.0;3.0;2.0;4.0;3.0;2.0;4.0;4.0;3.0;3.0;3.0;3.0;3.0;4.0;5.0;4.0;2.0;3.0;3.0;3.0;3.0;5.0;2.0;4.0;5.0;4.0;5.0;3.0;2.0;3.0
5102.0;2.0;1.0;0.0;5.0;3.0;1.0;4.0;3.3559322033898304;4.0;2.0;4.0;3.0;4.0;4.0;5.0;2.0;2.0;4.0;5.0;4.0;3.0;5.0;5.0;4.0;3.0;4.0;5.0;5.0;5.0;5.0;5.0;3.0;3.0;3.0;2.0;2.0;2.0;3.0;3.0;3.0;4.0;3.0;4.0;3.0;3.0;3.0;5.0;5.0;5.0;2.0;3.0;4.0;2.0;3.0;3.0;2.0;3.0;4.0;4.0;4.0;4.0;2.0;3.0
5184.0;4.0;1.0;0.0;6.0;1.0;1.0;12.0;2.6363636363636362;4.0;2.0;2.0;3.0;3.0;2.0;5.0;0.0;0.0;0.0;4.0;3.0;2.0;4.0;4.0;3.0;3.0;4.0;3.0;4.0;5.0;5.0;4.0;2.0;2.0;0.0;0.0;0.0;2.0;3.0;2.0;2.0;4.0;4.0;0.0;0.0;2.0;2.0;4.0;4.0;3.0;0.0;4.0;0.0;1.0;2.0;3.0;3.0;4.0;3.0;2.0;3.0;2.0;0.0;2.0
5185.0;3.0;1.0;0.0;1.0;4.0;0.0;5.0;2.1666666666666665;0.0;0.0;0.0;2.0;0.0;0.0;0.0;0.0;0.0;0.0;0.0;0.0;2.0;4.0;0.0;0.0;0.0;4.0;0.0;3.0;0.0;0.0;0.0;0.0;1.0;0.0;0.0;0.0;0.0;0.0;0.0;0.0;0.0;4.0;0.0;0.0;0.0;0.0;0.0;0.0;0.0;0.0;0.0;0.0;0.0;1.0;0.0;0.0;0.0;0.0;0.0;0.0;2.0;0.0;0.0
5187.0;2.0;1.0;0.0;6.0;4.0;1.0;9.0;2.9384615384615387;4.0;3.0;3.0;2.0;4.0;3.0;5.0;3.0;4.0;2.0;4.0;3.0;2.0;3.0;4.0;3.0;2.0;3.0;4.0;5.0;5.0;5.0;5.0;4.0;2.0;2.0;2.0;3.0;4.0;3.0;3.0;3.0;3.0;4.0;2.0;2.0;5.0;3.0;4.0;5.0;3.0;2.0;4.0;3.0;2.0;2.0;3.0;2.0;4.0;5.0;4.0;4.0;2.0;2.0;3.0
5188.0;2.0;1.0;0.0;4.0;3.0;2.0;8.0;2.8412698412698414;4.0;2.0;4.0;2.0;3.0;3.0;4.0;2.0;2.0;3.0;5.0;3.0;3.0;5.0;5.0;3.0;3.0;3.0;4.0;4.0;5.0;5.0;5.0;3.0;2.0;2.0;3.0;3.0;2.0;2.0;3.0;3.0;4.0;4.0;2.0;2.0;2.0;2.0;3.0;3.0;2.0;2.0;5.0;2.0;2.0;2.0;3.0;3.0;4.0;3.0;4.0;3.0;4.0;3.0;2.0
5190.0;2.0;1.0;0.0;5.0;7.0;3.0;12.0;2.791044776119403;5.0;3.0;3.0;2.0;3.0;3.0;5.0;2.0;3.0;2.0;5.0;3.0;2.0;4.0;4.0;4.0;2.0;4.0;3.0;4.0;5.0;5.0;4.0;2.0;2.0;2.0;2.0;3.0;3.0;2.0;3.0;4.0;4.0;4.0;2.0;2.0;3.0;2.0;3.0;5.0;3.0;2.0;5.0;3.0;3.0;2.0;3.0;3.0;4.0;3.0;4.0;4.0;3.0;2.0;3.0
5191.0;3.0;1.0;0.0;1.0;0.0;0.0;1.0;2.933333333333333;3.0;0.0;0.0;3.0;3.0;0.0;0.0;0.0;0.0;0.0;0.0;0.0;0.0;3.0;0.0;5.0;0.0;3.0;4.0;0.0;0.0;0.0;0.0;0.0;3.0;0.0;0.0;0.0;0.0;3.0;0.0;2.0;0.0;4.0;0.0;0.0;0.0;0.0;0.0;0.0;0.0;0.0;0.0;0.0;2.0;2.0;0.0;0.0;0.0;0.0;0.0;0.0;3.0;0.0;0.0
5192.0;4.0;2.0;0.0;6.0;6.0;1.0;19.0;2.4328358208955225;5.0;2.0;2.0;3.0;2.0;1.0;4.0;2.0;1.0;0.0;5.0;2.0;2.0;4.0;4.0;4.0;2.0;3.0;3.0;5.0;5.0;5.0;4.0;3.0;2.0;2.0;2.0;2.0;3.0;2.0;0.0;3.0;4.0;5.0;0.0;2.0;3.0;2.0;3.0;4.0;2.0;0.0;5.0;0.0;2.0;2.0;2.0;3.0;3.0;2.0;2.0;3.0;3.0;3.0;2.0
5196.0;4.0;2.0;0.0;3.0;1.0;1.0;19.0;2.4642857142857144;5.0;2.0;0.0;3.0;3.0;0.0;3.0;2.0;0.0;0.0;5.0;3.0;2.0;3.0;4.0;3.0;2.0;4.0;3.0;5.0;5.0;5.0;5.0;3.0;2.0;0.0;0.0;0.0;3.0;2.0;0.0;3.0;3.0;5.0;0.0;2.0;1.0;1.0;0.0;0.0;0.0;0.0;5.0;0.0;2.0;3.0;3.0;0.0;3.0;2.0;3.0;4.0;2.0;0.0;2.0
5197.0;3.0;1.0;0.0;0.0;0.0;0.0;0.0;3.2857142857142856;0.0;0.0;0.0;4.0;0.0;0.0;0.0;0.0;0.0;0.0;0.0;0.0;0.0;4.0;0.0;0.0;0.0;3.0;0.0;0.0;0.0;0.0;0.0;0.0;3.0;0.0;0.0;0.0;0.0;0.0;0.0;0.0;0.0;4.0;0.0;0.0;0.0;0.0;0.0;0.0;0.0;0.0;0.0;0.0;0.0;2.0;0.0;0.0;0.0;0.0;0.0;0.0;3.0;0.0;0.0
5199.0;4.0;1.0;0.0;6.0;10.0;2.0;16.0;2.7611940298507465;3.0;3.0;4.0;3.0;3.0;3.0;4.0;2.0;2.0;0.0;5.0;3.0;4.0;4.0;4.0;3.0;3.0;3.0;5.0;4.0;3.0;5.0;5.0;4.0;3.0;2.0;3.0;2.0;3.0;2.0;2.0;3.0;4.0;4.0;0.0;0.0;2.0;2.0;4.0;5.0;3.0;2.0;5.0;0.0;2.0;2.0;4.0;3.0;4.0;5.0;4.0;4.0;3.0;2.0;3.0
5200.0;4.0;2.0;0.0;6.0;3.0;3.0;13.0;2.3653846153846154;5.0;0.0;0.0;2.0;2.0;0.0;3.0;2.0;2.0;0.0;4.0;2.0;2.0;4.0;4.0;3.0;2.0;3.0;3.0;2.0;3.0;5.0;5.0;3.0;2.0;0.0;0.0;0.0;2.0;2.0;0.0;3.0;4.0;5.0;0.0;2.0;2.0;1.0;0.0;0.0;0.0;0.0;4.0;0.0;2.0;2.0;2.0;2.0;2.0;2.0;3.0;3.0;3.0;1.0;2.0
5301.0;2.0;2.0;0.0;8.0;10.0;1.0;15.0;2.557142857142857;4.0;3.0;2.0;2.0;2.0;2.0;4.0;2.0;2.0;2.0;3.0;3.0;3.0;2.0;5.0;3.0;2.0;2.0;4.0;5.0;5.0;4.0;5.0;3.0;3.0;4.0;3.0;3.0;3.0;2.0;2.0;3.0;5.0;4.0;2.0;2.0;2.0;2.0;4.0;5.0;2.0;2.0;3.0;2.0;2.0;3.0;3.0;2.0;4.0;3.0;3.0;3.0;4.0;3.0;2.0
5302.0;2.0;1.0;0.0;6.0;13.0;2.0;2.0;3.3684210526315788;2.0;4.0;3.0;2.0;5.0;4.0;4.0;2.0;3.0;3.0;5.0;5.0;3.0;4.0;3.0;4.0;2.0;3.0;4.0;4.0;3.0;4.0;5.0;3.0;4.0;4.0;3.0;2.0;4.0;3.0;5.0;5.0;2.0;4.0;2.0;2.0;3.0;4.0;4.0;4.0;4.0;2.0;3.0;2.0;3.0;3.0;5.0;3.0;5.0;5.0;5.0;3.0;3.0;3.0;2.0
5303.0;2.0;1.0;0.0;7.0;3.0;3.0;2.0;3.9298245614035086;5.0;5.0;5.0;2.0;5.0;5.0;4.0;2.0;3.0;3.0;5.0;5.0;3.0;2.0;3.0;5.0;2.0;3.0;3.0;5.0;5.0;3.0;5.0;5.0;4.0;4.0;3.0;4.0;5.0;4.0;5.0;5.0;5.0;4.0;3.0;2.0;5.0;4.0;5.0;4.0;5.0;3.0;5.0;4.0;4.0;3.0;4.0;5.0;5.0;5.0;5.0;4.0;5.0;3.0;3.0
5304.0;2.0;1.0;0.0;8.0;5.0;2.0;11.0;2.727272727272727;3.0;4.0;2.0;2.0;4.0;3.0;4.0;2.0;2.0;2.0;3.0;4.0;2.0;2.0;4.0;3.0;3.0;3.0;5.0;4.0;5.0;5.0;5.0;4.0;2.0;2.0;2.0;3.0;2.0;3.0;2.0;3.0;5.0;5.0;2.0;2.0;3.0;3.0;3.0;5.0;3.0;3.0;2.0;3.0;2.0;4.0;3.0;3.0;4.0;3.0;3.0;3.0;2.0;2.0;2.0
5305.0;2.0;2.0;0.0;7.0;7.0;2.0;4.0;3.4237288135593222;3.0;4.0;3.0;2.0;4.0;4.0;4.0;2.0;3.0;3.0;4.0;5.0;4.0;2.0;2.0;5.0;3.0;4.0;4.0;4.0;5.0;4.0;5.0;4.0;4.0;5.0;4.0;3.0;4.0;3.0;2.0;5.0;5.0;5.0;3.0;2.0;2.0;3.0;3.0;5.0;2.0;2.0;5.0;4.0;4.0;3.0;4.0;3.0;5.0;3.0;4.0;4.0;4.0;4.0;2.0
5306.0;3.0;2.0;0.0;3.0;5.0;2.0;2.0;3.982456140350877;5.0;5.0;3.0;2.0;4.0;5.0;4.0;4.0;4.0;3.0;4.0;5.0;5.0;3.0;2.0;5.0;2.0;5.0;5.0;5.0;5.0;4.0;5.0;5.0;5.0;5.0;5.0;5.0;4.0;4.0;2.0;5.0;5.0;5.0;4.0;4.0;4.0;3.0;3.0;5.0;4.0;3.0;5.0;3.0;5.0;3.0;4.0;3.0;4.0;4.0;5.0;4.0;5.0;4.0;2.0
5307.0;2.0;2.0;0.0;10.0;8.0;0.0;27.0;2.3536585365853657;3.0;3.0;2.0;2.0;2.0;2.0;4.0;2.0;3.0;2.0;5.0;3.0;3.0;2.0;2.0;4.0;2.0;4.0;5.0;4.0;5.0;4.0;3.0;4.0;3.0;4.0;3.0;3.0;3.0;3.0;3.0;4.0;5.0;5.0;2.0;2.0;2.0;3.0;4.0;5.0;2.0;2.0;2.0;2.0;2.0;3.0;2.0;2.0;4.0;2.0;3.0;2.0;3.0;3.0;3.0
5308.0;2.0;1.0;0.0;6.0;6.0;1.0;10.0;2.6615384615384614;4.0;3.0;2.0;2.0;3.0;2.0;4.0;2.0;4.0;2.0;4.0;4.0;2.0;2.0;2.0;4.0;2.0;3.0;4.0;4.0;3.0;4.0;5.0;3.0;2.0;4.0;2.0;2.0;2.0;3.0;2.0;2.0;2.0;4.0;2.0;2.0;3.0;2.0;3.0;4.0;3.0;2.0;3.0;4.0;3.0;3.0;4.0;3.0;4.0;4.0;3.0;3.0;4.0;3.0;2.0
5309.0;2.0;1.0;0.0;7.0;4.0;4.0;9.0;3.234375;4.0;4.0;2.0;2.0;3.0;2.0;5.0;2.0;2.0;2.0;4.0;3.0;3.0;4.0;2.0;5.0;3.0;4.0;5.0;5.0;5.0;5.0;5.0;4.0;3.0;5.0;4.0;2.0;5.0;4.0;5.0;4.0;5.0;4.0;2.0;2.0;3.0;3.0;4.0;4.0;4.0;2.0;4.0;3.0;3.0;4.0;3.0;2.0;5.0;4.0;5.0;4.0;4.0;4.0;3.0
5310.0;2.0;2.0;0.0;5.0;4.0;1.0;10.0;2.923076923076923;4.0;3.0;2.0;2.0;2.0;2.0;4.0;2.0;2.0;3.0;4.0;2.0;3.0;3.0;4.0;4.0;3.0;3.0;4.0;5.0;5.0;4.0;5.0;4.0;4.0;3.0;3.0;2.0;3.0;3.0;2.0;3.0;5.0;4.0;2.0;2.0;3.0;2.0;4.0;5.0;4.0;3.0;3.0;2.0;3.0;4.0;3.0;2.0;5.0;4.0;4.0;3.0;5.0;4.0;2.0
5311.0;2.0;1.0;0.0;10.0;16.0;0.0;20.0;2.3733333333333335;3.0;2.0;2.0;2.0;2.0;2.0;4.0;2.0;2.0;2.0;5.0;3.0;2.0;3.0;3.0;4.0;3.0;2.0;5.0;5.0;5.0;4.0;3.0;3.0;2.0;2.0;2.0;2.0;3.0;3.0;2.0;3.0;4.0;4.0;2.0;2.0;2.0;3.0;4.0;4.0;2.0;2.0;5.0;2.0;3.0;3.0;3.0;2.0;3.0;3.0;3.0;2.0;2.0;3.0;3.0
5312.0;2.0;1.0;0.0;5.0;4.0;1.0;8.0;2.9206349206349205;4.0;4.0;2.0;2.0;2.0;2.0;4.0;2.0;2.0;2.0;5.0;2.0;3.0;4.0;4.0;3.0;3.0;2.0;5.0;4.0;3.0;5.0;5.0;3.0;4.0;4.0;3.0;2.0;4.0;3.0;2.0;4.0;4.0;4.0;3.0;2.0;3.0;2.0;3.0;4.0;3.0;2.0;3.0;2.0;4.0;4.0;4.0;3.0;4.0;4.0;3.0;2.0;3.0;4.0;3.0
5313.0;3.0;1.0;0.0;2.0;3.0;0.0;2.0;3.5588235294117645;4.0;3.0;0.0;2.0;5.0;3.0;4.0;0.0;0.0;0.0;4.0;4.0;3.0;3.0;4.0;4.0;0.0;3.0;5.0;4.0;5.0;0.0;0.0;4.0;4.0;5.0;3.0;2.0;0.0;4.0;0.0;5.0;4.0;4.0;0.0;0.0;4.0;0.0;0.0;0.0;0.0;0.0;2.0;0.0;3.0;4.0;0.0;0.0;0.0;0.0;4.0;0.0;3.0;4.0;0.0
5314.0;4.0;1.0;0.0;3.0;4.0;1.0;8.0;3.096774193548387;4.0;4.0;3.0;2.0;4.0;5.0;4.0;2.0;3.0;2.0;4.0;3.0;3.0;4.0;2.0;3.0;3.0;4.0;3.0;5.0;5.0;5.0;5.0;4.0;4.0;4.0;3.0;2.0;4.0;3.0;3.0;4.0;5.0;4.0;1.0;2.0;3.0;3.0;4.0;4.0;4.0;2.0;3.0;4.0;3.0;3.0;3.0;3.0;4.0;2.0;3.0;3.0;3.0;3.0;3.0
5315.0;2.0;1.0;0.0;6.0;7.0;0.0;3.0;3.206896551724138;4.0;2.0;3.0;2.0;4.0;3.0;5.0;2.0;3.0;2.0;4.0;3.0;4.0;5.0;2.0;3.0;2.0;2.0;3.0;4.0;4.0;5.0;5.0;4.0;4.0;4.0;3.0;2.0;3.0;3.0;3.0;3.0;3.0;4.0;5.0;2.0;4.0;3.0;2.0;4.0;3.0;2.0;3.0;4.0;2.0;3.0;4.0;3.0;3.0;5.0;4.0;4.0;5.0;3.0;3.0
5316.0;4.0;2.0;0.0;4.0;4.0;1.0;5.0;2.9056603773584904;5.0;4.0;3.0;2.0;3.0;2.0;4.0;0.0;0.0;0.0;4.0;3.0;3.0;4.0;5.0;4.0;2.0;2.0;3.0;3.0;5.0;2.0;5.0;4.0;3.0;4.0;2.0;2.0;3.0;4.0;4.0;3.0;5.0;4.0;0.0;2.0;2.0;2.0;3.0;0.0;2.0;2.0;2.0;0.0;2.0;2.0;3.0;3.0;4.0;3.0;3.0;3.0;3.0;1.0;2.0
5317.0;2.0;2.0;0.0;4.0;4.0;0.0;5.0;3.05;4.0;2.0;4.0;2.0;2.0;4.0;4.0;2.0;3.0;2.0;3.0;3.0;5.0;2.0;4.0;5.0;2.0;4.0;4.0;5.0;5.0;3.0;5.0;4.0;3.0;2.0;2.0;2.0;3.0;2.0;2.0;4.0;5.0;5.0;2.0;2.0;4.0;2.0;4.0;4.0;4.0;2.0;3.0;2.0;3.0;4.0;3.0;3.0;5.0;3.0;4.0;3.0;3.0;3.0;2.0
5318.0;4.0;1.0;0.0;8.0;17.0;1.0;7.0;3.0161290322580645;4.0;2.0;2.0;3.0;3.0;2.0;4.0;2.0;3.0;4.0;5.0;3.0;4.0;3.0;3.0;3.0;2.0;3.0;5.0;4.0;5.0;5.0;5.0;4.0;3.0;3.0;2.0;2.0;3.0;3.0;2.0;5.0;5.0;5.0;2.0;3.0;3.0;2.0;3.0;3.0;3.0;2.0;2.0;4.0;3.0;4.0;3.0;2.0;4.0;4.0;5.0;5.0;3.0;2.0;2.0
5319.0;2.0;1.0;0.0;7.0;4.0;1.0;9.0;2.8125;4.0;3.0;2.0;2.0;4.0;2.0;4.0;2.0;2.0;2.0;3.0;4.0;2.0;5.0;4.0;4.0;2.0;2.0;4.0;4.0;5.0;3.0;5.0;3.0;4.0;4.0;2.0;2.0;2.0;4.0;3.0;5.0;4.0;3.0;2.0;2.0;4.0;2.0;2.0;3.0;2.0;3.0;2.0;3.0;2.0;4.0;3.0;2.0;4.0;3.0;4.0;3.0;4.0;4.0;3.0
5320.0;2.0;1.0;0.0;13.0;15.0;1.0;16.0;2.6619718309859155;3.0;4.0;3.0;3.0;2.0;2.0;4.0;2.0;2.0;2.0;4.0;3.0;3.0;2.0;3.0;4.0;2.0;3.0;5.0;5.0;5.0;3.0;5.0;3.0;2.0;2.0;5.0;2.0;5.0;3.0;2.0;5.0;5.0;5.0;4.0;2.0;4.0;2.0;4.0;3.0;3.0;2.0;3.0;2.0;3.0;3.0;2.0;2.0;4.0;3.0;3.0;3.0;2.0;3.0;3.0
5322.0;2.0;2.0;0.0;4.0;3.0;2.0;1.0;3.482142857142857;3.0;4.0;3.0;2.0;4.0;4.0;4.0;3.0;3.0;2.0;5.0;5.0;2.0;4.0;2.0;5.0;2.0;2.0;3.0;4.0;3.0;4.0;5.0;3.0;4.0;5.0;3.0;2.0;4.0;4.0;5.0;4.0;3.0;5.0;3.0;2.0;3.0;3.0;2.0;5.0;3.0;3.0;3.0;2.0;5.0;4.0;5.0;3.0;5.0;4.0;5.0;3.0;4.0;4.0;3.0
5324.0;2.0;2.0;0.0;6.0;6.0;2.0;12.0;2.6417910447761193;3.0;3.0;2.0;2.0;2.0;2.0;5.0;2.0;2.0;2.0;4.0;3.0;4.0;2.0;4.0;4.0;2.0;2.0;4.0;5.0;5.0;4.0;5.0;2.0;4.0;3.0;2.0;2.0;3.0;2.0;2.0;4.0;5.0;5.0;2.0;2.0;3.0;2.0;4.0;5.0;2.0;2.0;3.0;2.0;2.0;3.0;3.0;2.0;4.0;4.0;3.0;3.0;3.0;2.0;2.0
5325.0;3.0;1.0;0.0;4.0;8.0;0.0;7.0;2.851063829787234;5.0;4.0;2.0;3.0;4.0;2.0;5.0;2.0;0.0;0.0;4.0;3.0;2.0;4.0;4.0;3.0;2.0;2.0;4.0;3.0;4.0;3.0;0.0;3.0;4.0;5.0;2.0;3.0;4.0;4.0;0.0;4.0;3.0;4.0;0.0;0.0;3.0;1.0;0.0;0.0;0.0;0.0;2.0;0.0;2.0;3.0;2.0;2.0;2.0;0.0;3.0;2.0;5.0;0.0;0.0
5326.0;2.0;1.0;0.0;10.0;5.0;0.0;19.0;2.3513513513513513;4.0;2.0;2.0;2.0;2.0;2.0;5.0;2.0;2.0;2.0;5.0;3.0;2.0;4.0;3.0;3.0;2.0;3.0;4.0;5.0;3.0;4.0;3.0;3.0;3.0;3.0;2.0;2.0;2.0;2.0;3.0;3.0;3.0;4.0;2.0;2.0;2.0;2.0;4.0;3.0;2.0;3.0;4.0;3.0;2.0;3.0;2.0;2.0;4.0;4.0;3.0;2.0;2.0;2.0;3.0
5327.0;2.0;2.0;0.0;4.0;1.0;4.0;1.0;3.8214285714285716;4.0;4.0;4.0;2.0;4.0;3.0;4.0;2.0;3.0;2.0;5.0;4.0;3.0;5.0;5.0;4.0;3.0;4.0;5.0;5.0;5.0;5.0;5.0;5.0;5.0;5.0;2.0;3.0;4.0;4.0;5.0;4.0;5.0;5.0;3.0;2.0;4.0;3.0;2.0;4.0;4.0;4.0;4.0;2.0;5.0;4.0;4.0;4.0;5.0;5.0;4.0;4.0;3.0;4.0;2.0
5328.0;3.0;1.0;0.0;2.0;30.0;0.0;1.0;2.8;3.0;0.0;0.0;2.0;4.0;2.0;0.0;0.0;0.0;0.0;0.0;0.0;3.0;0.0;0.0;0.0;0.0;0.0;0.0;0.0;0.0;0.0;0.0;0.0;0.0;0.0;0.0;0.0;0.0;2.0;0.0;3.0;0.0;5.0;0.0;0.0;3.0;0.0;0.0;0.0;0.0;0.0;0.0;0.0;0.0;1.0;0.0;0.0;0.0;0.0;0.0;0.0;0.0;0.0;0.0
5329.0;2.0;2.0;0.0;6.0;4.0;2.0;4.0;3.23728813559322;5.0;3.0;2.0;2.0;3.0;3.0;5.0;2.0;2.0;4.0;5.0;3.0;3.0;2.0;4.0;4.0;2.0;3.0;4.0;5.0;5.0;4.0;5.0;4.0;4.0;3.0;4.0;3.0;3.0;3.0;3.0;3.0;5.0;5.0;2.0;3.0;3.0;2.0;4.0;5.0;4.0;2.0;3.0;4.0;3.0;3.0;3.0;2.0;4.0;5.0;3.0;3.0;3.0;4.0;2.0
5330.0;3.0;2.0;0.0;2.0;5.0;0.0;3.0;3.2857142857142856;5.0;3.0;0.0;2.0;3.0;2.0;4.0;1.0;0.0;0.0;3.0;4.0;3.0;3.0;4.0;4.0;0.0;3.0;4.0;4.0;5.0;0.0;0.0;4.0;4.0;5.0;3.0;3.0;0.0;3.0;0.0;4.0;5.0;5.0;0.0;0.0;2.0;0.0;0.0;0.0;0.0;0.0;2.0;0.0;3.0;3.0;0.0;0.0;0.0;0.0;3.0;0.0;3.0;4.0;0.0
5332.0;4.0;2.0;0.0;6.0;11.0;2.0;9.0;2.6607142857142856;4.0;3.0;2.0;3.0;2.0;1.0;5.0;2.0;2.0;0.0;4.0;3.0;2.0;2.0;3.0;3.0;2.0;2.0;4.0;5.0;5.0;5.0;5.0;4.0;3.0;3.0;2.0;0.0;3.0;3.0;2.0;4.0;5.0;4.0;0.0;2.0;2.0;2.0;3.0;0.0;2.0;0.0;3.0;0.0;2.0;2.0;2.0;2.0;5.0;2.0;3.0;3.0;2.0;0.0;2.0
5333.0;3.0;1.0;0.0;2.0;1.0;0.0;4.0;2.8846153846153846;4.0;0.0;0.0;2.0;3.0;0.0;5.0;0.0;0.0;0.0;4.0;0.0;3.0;2.0;4.0;3.0;0.0;3.0;3.0;3.0;2.0;0.0;0.0;3.0;4.0;0.0;0.0;0.0;0.0;3.0;0.0;2.0;0.0;4.0;0.0;0.0;3.0;0.0;0.0;0.0;0.0;0.0;1.0;0.0;1.0;3.0;0.0;0.0;0.0;0.0;5.0;0.0;3.0;0.0;0.0
5364.0;4.0;1.0;0.0;5.0;12.0;1.0;5.0;3.0576923076923075;3.0;2.0;3.0;3.0;2.0;3.0;4.0;2.0;2.0;0.0;4.0;3.0;3.0;2.0;4.0;4.0;2.0;5.0;5.0;4.0;5.0;5.0;5.0;3.0;3.0;0.0;2.0;1.0;3.0;2.0;3.0;5.0;5.0;4.0;0.0;4.0;4.0;3.0;2.0;0.0;0.0;2.0;2.0;0.0;3.0;4.0;2.0;2.0;3.0;4.0;5.0;5.0;2.0;0.0;2.0
5365.0;2.0;1.0;0.0;3.0;2.0;3.0;0.0;4.181818181818182;5.0;3.0;4.0;5.0;5.0;5.0;5.0;4.0;3.0;2.0;5.0;4.0;3.0;3.0;4.0;4.0;5.0;2.0;5.0;5.0;5.0;5.0;5.0;4.0;4.0;4.0;3.0;3.0;5.0;5.0;5.0;5.0;5.0;4.0;3.0;5.0;4.0;5.0;4.0;5.0;4.0;3.0;3.0;5.0;4.0;4.0;5.0;2.0;4.0;5.0;5.0;5.0;4.0;5.0;3.0
5366.0;4.0;2.0;0.0;8.0;5.0;1.0;10.0;2.8461538461538463;3.0;2.0;2.0;2.0;3.0;2.0;5.0;2.0;2.0;2.0;5.0;3.0;2.0;2.0;4.0;4.0;3.0;3.0;5.0;4.0;5.0;5.0;5.0;4.0;2.0;3.0;2.0;3.0;3.0;3.0;3.0;5.0;5.0;3.0;2.0;2.0;4.0;2.0;3.0;4.0;3.0;2.0;2.0;3.0;3.0;4.0;3.0;2.0;4.0;4.0;4.0;4.0;3.0;3.0;3.0
5367.0;3.0;1.0;0.0;3.0;5.0;0.0;14.0;2.611111111111111;3.0;3.0;0.0;3.0;2.0;2.0;5.0;3.0;1.0;0.0;5.0;3.0;2.0;0.0;3.0;4.0;0.0;2.0;5.0;4.0;3.0;5.0;5.0;4.0;3.0;2.0;2.0;2.0;3.0;2.0;0.0;5.0;5.0;4.0;0.0;3.0;1.0;0.0;0.0;0.0;0.0;0.0;2.0;0.0;2.0;4.0;3.0;1.0;2.0;4.0;3.0;3.0;3.0;2.0;2.0
5368.0;3.0;1.0;0.0;3.0;11.0;1.0;7.0;3.1041666666666665;5.0;2.0;0.0;4.0;3.0;2.0;4.0;0.0;2.0;0.0;5.0;2.0;3.0;3.0;4.0;3.0;0.0;5.0;5.0;5.0;4.0;5.0;5.0;4.0;3.0;2.0;2.0;0.0;4.0;4.0;0.0;5.0;5.0;4.0;0.0;3.0;3.0;2.0;0.0;0.0;0.0;0.0;2.0;0.0;3.0;3.0;2.0;0.0;3.0;4.0;4.0;4.0;3.0;0.0;2.0
5369.0;4.0;2.0;0.0;8.0;12.0;1.0;20.0;2.4054054054054053;3.0;2.0;2.0;2.0;2.0;2.0;4.0;2.0;2.0;2.0;4.0;3.0;2.0;2.0;3.0;4.0;2.0;5.0;5.0;5.0;5.0;5.0;5.0;2.0;2.0;3.0;2.0;2.0;3.0;3.0;2.0;5.0;5.0;3.0;2.0;2.0;2.0;2.0;2.0;4.0;2.0;2.0;2.0;0.0;2.0;3.0;2.0;2.0;3.0;4.0;4.0;4.0;3.0;4.0;2.0
5371.0;2.0;2.0;0.0;3.0;1.0;5.0;0.0;4.072727272727272;5.0;3.0;4.0;4.0;3.0;3.0;5.0;4.0;5.0;2.0;5.0;5.0;2.0;2.0;4.0;4.0;5.0;3.0;5.0;4.0;5.0;5.0;5.0;4.0;4.0;4.0;4.0;3.0;3.0;5.0;5.0;5.0;5.0;5.0;3.0;4.0;4.0;4.0;3.0;5.0;4.0;3.0;4.0;5.0;5.0;3.0;5.0;2.0;5.0;4.0;5.0;5.0;4.0;5.0;3.0
5372.0;2.0;2.0;0.0;5.0;9.0;2.0;8.0;3.126984126984127;3.0;2.0;4.0;3.0;3.0;2.0;5.0;3.0;2.0;3.0;5.0;2.0;4.0;2.0;4.0;4.0;3.0;4.0;5.0;4.0;5.0;5.0;5.0;3.0;3.0;3.0;2.0;2.0;5.0;2.0;3.0;5.0;5.0;5.0;3.0;4.0;3.0;3.0;3.0;4.0;3.0;2.0;3.0;2.0;4.0;3.0;4.0;2.0;4.0;4.0;4.0;4.0;3.0;4.0;3.0
5373.0;3.0;1.0;0.0;3.0;6.0;0.0;1.0;3.128205128205128;4.0;2.0;0.0;3.0;3.0;0.0;4.0;0.0;0.0;0.0;5.0;4.0;4.0;0.0;3.0;3.0;0.0;2.0;5.0;3.0;3.0;5.0;5.0;2.0;3.0;0.0;0.0;2.0;3.0;2.0;0.0;4.0;5.0;5.0;0.0;2.0;2.0;2.0;0.0;0.0;0.0;0.0;2.0;0.0;2.0;3.0;3.0;1.0;3.0;4.0;4.0;4.0;2.0;2.0;2.0
5375.0;2.0;1.0;0.0;3.0;0.0;5.0;0.0;4.218181818181818;3.0;3.0;5.0;4.0;5.0;5.0;5.0;5.0;5.0;2.0;5.0;4.0;5.0;2.0;4.0;5.0;4.0;3.0;5.0;4.0;5.0;5.0;5.0;4.0;5.0;5.0;4.0;5.0;4.0;4.0;2.0;5.0;5.0;5.0;4.0;4.0;5.0;5.0;5.0;4.0;5.0;3.0;3.0;4.0;5.0;3.0;3.0;3.0;4.0;4.0;5.0;5.0;5.0;5.0;2.0
5376.0;3.0;1.0;0.0;3.0;15.0;0.0;6.0;3.1020408163265305;2.0;3.0;2.0;2.0;3.0;2.0;3.0;0.0;0.0;0.0;5.0;4.0;0.0;2.0;4.0;5.0;0.0;3.0;5.0;3.0;3.0;4.0;5.0;3.0;1.0;4.0;2.0;3.0;3.0;4.0;0.0;5.0;5.0;5.0;0.0;3.0;4.0;3.0;4.0;0.0;0.0;0.0;2.0;0.0;3.0;3.0;3.0;2.0;4.0;5.0;0.0;5.0;3.0;3.0;3.0
5382.0;3.0;1.0;1.0;1.0;2.0;0.0;0.0;3.2;2.0;0.0;0.0;0.0;2.0;0.0;0.0;0.0;0.0;0.0;0.0;0.0;0.0;0.0;0.0;0.0;0.0;0.0;5.0;0.0;0.0;0.0;0.0;0.0;0.0;0.0;0.0;0.0;0.0;3.0;0.0;4.0;0.0;0.0;0.0;0.0;0.0;0.0;0.0;0.0;0.0;0.0;0.0;0.0;0.0;0.0;0.0;0.0;0.0;0.0;0.0;0.0;0.0;0.0;0.0
5385.0;3.0;1.0;0.0;0.0;4.0;0.0;0.0;3.0;0.0;0.0;0.0;3.0;0.0;0.0;0.0;2.0;0.0;0.0;0.0;0.0;3.0;2.0;0.0;0.0;0.0;3.0;0.0;0.0;0.0;0.0;0.0;0.0;3.0;0.0;0.0;0.0;0.0;0.0;0.0;0.0;0.0;5.0;0.0;0.0;0.0;0.0;0.0;0.0;0.0;0.0;0.0;0.0;0.0;4.0;0.0;0.0;0.0;0.0;0.0;0.0;2.0;0.0;0.0
5386.0;3.0;1.0;0.0;1.0;13.0;0.0;3.0;2.5;2.0;0.0;0.0;2.0;4.0;0.0;0.0;1.0;0.0;0.0;0.0;0.0;0.0;2.0;0.0;0.0;0.0;5.0;4.0;0.0;0.0;0.0;0.0;0.0;2.0;0.0;0.0;0.0;0.0;2.0;0.0;0.0;0.0;4.0;0.0;0.0;2.0;0.0;0.0;0.0;0.0;0.0;0.0;0.0;0.0;3.0;0.0;0.0;0.0;0.0;0.0;0.0;1.0;0.0;0.0
5387.0;3.0;1.0;0.0;2.0;7.0;0.0;6.0;2.59375;2.0;0.0;0.0;2.0;2.0;0.0;3.0;1.0;0.0;0.0;4.0;2.0;2.0;2.0;3.0;3.0;0.0;2.0;5.0;4.0;5.0;0.0;0.0;3.0;2.0;0.0;0.0;2.0;0.0;2.0;0.0;4.0;5.0;4.0;0.0;0.0;0.0;0.0;0.0;0.0;0.0;0.0;0.0;0.0;0.0;3.0;0.0;0.0;0.0;0.0;3.0;3.0;3.0;2.0;0.0
5390.0;3.0;2.0;0.0;1.0;6.0;1.0;2.0;2.923076923076923;4.0;0.0;0.0;2.0;0.0;0.0;0.0;2.0;0.0;0.0;0.0;0.0;2.0;3.0;0.0;0.0;0.0;3.0;5.0;0.0;0.0;0.0;0.0;0.0;1.0;0.0;0.0;0.0;0.0;4.0;0.0;5.0;0.0;3.0;0.0;0.0;0.0;0.0;0.0;0.0;0.0;0.0;0.0;0.0;0.0;3.0;0.0;0.0;0.0;0.0;0.0;0.0;0.0;0.0;0.0
5395.0;3.0;1.0;0.0;0.0;3.0;0.0;1.0;3.0;0.0;0.0;0.0;0.0;0.0;0.0;0.0;0.0;0.0;0.0;0.0;0.0;0.0;0.0;0.0;0.0;0.0;1.0;0.0;0.0;0.0;0.0;0.0;0.0;0.0;0.0;0.0;0.0;0.0;0.0;0.0;0.0;0.0;5.0;0.0;0.0;0.0;0.0;0.0;0.0;0.0;0.0;0.0;0.0;0.0;0.0;0.0;0.0;0.0;0.0;0.0;0.0;0.0;0.0;0.0
5397.0;3.0;2.0;0.0;1.0;11.0;0.0;2.0;2.625;0.0;0.0;0.0;3.0;0.0;0.0;0.0;2.0;0.0;0.0;0.0;0.0;4.0;1.0;0.0;0.0;0.0;0.0;0.0;0.0;0.0;0.0;0.0;0.0;0.0;0.0;0.0;3.0;0.0;0.0;0.0;0.0;0.0;5.0;0.0;0.0;0.0;0.0;0.0;0.0;0.0;0.0;0.0;0.0;0.0;0.0;0.0;0.0;0.0;0.0;0.0;0.0;2.0;0.0;0.0
5402.0;3.0;1.0;0.0;0.0;3.0;6.0;0.0;4.684210526315789;4.0;0.0;0.0;4.0;5.0;0.0;0.0;5.0;5.0;0.0;0.0;0.0;5.0;4.0;0.0;0.0;0.0;3.0;5.0;0.0;0.0;0.0;0.0;0.0;5.0;5.0;0.0;5.0;0.0;5.0;0.0;5.0;0.0;5.0;0.0;0.0;5.0;0.0;0.0;0.0;0.0;0.0;0.0;0.0;0.0;4.0;0.0;0.0;0.0;0.0;0.0;0.0;5.0;5.0;0.0
5404.0;3.0;1.0;0.0;1.0;4.0;0.0;3.0;3.0454545454545454;3.0;0.0;0.0;3.0;3.0;0.0;0.0;2.0;3.0;0.0;0.0;0.0;4.0;3.0;0.0;0.0;0.0;2.0;5.0;0.0;0.0;0.0;0.0;0.0;3.0;5.0;0.0;2.0;0.0;4.0;0.0;5.0;0.0;5.0;0.0;0.0;3.0;0.0;0.0;0.0;0.0;0.0;0.0;0.0;0.0;4.0;0.0;0.0;0.0;0.0;0.0;0.0;2.0;3.0;0.0
5407.0;3.0;1.0;0.0;1.0;7.0;0.0;2.0;2.75;2.0;0.0;0.0;2.0;0.0;0.0;0.0;1.0;0.0;0.0;0.0;0.0;3.0;0.0;0.0;0.0;0.0;3.0;4.0;0.0;0.0;0.0;0.0;0.0;0.0;0.0;0.0;0.0;0.0;2.0;0.0;5.0;0.0;5.0;0.0;0.0;0.0;0.0;0.0;0.0;0.0;0.0;0.0;0.0;0.0;3.0;0.0;0.0;0.0;0.0;0.0;0.0;2.0;0.0;0.0
5412.0;3.0;1.0;0.0;1.0;25.0;0.0;0.0;5.0;0.0;0.0;0.0;0.0;0.0;0.0;0.0;0.0;0.0;0.0;0.0;0.0;0.0;0.0;0.0;0.0;0.0;0.0;0.0;0.0;0.0;0.0;0.0;0.0;0.0;0.0;0.0;0.0;0.0;0.0;0.0;0.0;0.0;5.0;0.0;0.0;0.0;0.0;0.0;0.0;0.0;0.0;0.0;0.0;0.0;0.0;0.0;0.0;0.0;0.0;0.0;0.0;0.0;0.0;0.0
5415.0;3.0;1.0;0.0;1.0;1.0;0.0;1.0;3.4545454545454546;5.0;0.0;0.0;3.0;3.0;0.0;0.0;3.0;3.0;0.0;0.0;0.0;3.0;2.0;0.0;0.0;0.0;2.0;5.0;0.0;0.0;0.0;0.0;4.0;3.0;3.0;0.0;3.0;0.0;4.0;0.0;5.0;0.0;5.0;0.0;0.0;3.0;0.0;0.0;0.0;0.0;0.0;0.0;0.0;4.0;4.0;0.0;0.0;0.0;0.0;0.0;0.0;4.0;4.0;0.0
5419.0;3.0;1.0;0.0;1.0;9.0;0.0;1.0;2.4;0.0;0.0;0.0;0.0;0.0;0.0;0.0;0.0;0.0;0.0;0.0;0.0;0.0;0.0;0.0;0.0;0.0;2.0;0.0;0.0;0.0;0.0;0.0;0.0;0.0;0.0;0.0;0.0;0.0;1.0;0.0;0.0;0.0;5.0;0.0;0.0;0.0;0.0;0.0;0.0;0.0;0.0;0.0;0.0;0.0;2.0;0.0;0.0;0.0;0.0;0.0;0.0;2.0;0.0;0.0
5421.0;3.0;2.0;0.0;1.0;9.0;0.0;1.0;3.2857142857142856;4.0;0.0;0.0;3.0;2.0;2.0;0.0;4.0;3.0;0.0;0.0;0.0;3.0;2.0;0.0;3.0;0.0;3.0;5.0;4.0;0.0;0.0;0.0;4.0;3.0;4.0;4.0;3.0;0.0;3.0;0.0;5.0;0.0;5.0;0.0;0.0;2.0;4.0;0.0;0.0;0.0;0.0;2.0;0.0;3.0;3.0;0.0;0.0;0.0;0.0;0.0;0.0;4.0;4.0;0.0
5423.0;3.0;1.0;0.0;1.0;18.0;0.0;3.0;1.8;0.0;0.0;0.0;3.0;0.0;0.0;0.0;1.0;0.0;0.0;0.0;0.0;3.0;0.0;0.0;0.0;0.0;1.0;0.0;0.0;0.0;0.0;0.0;0.0;0.0;0.0;0.0;0.0;0.0;0.0;0.0;0.0;0.0;0.0;0.0;0.0;0.0;0.0;0.0;0.0;0.0;0.0;0.0;0.0;0.0;0.0;0.0;0.0;0.0;0.0;0.0;0.0;1.0;0.0;0.0
5428.0;3.0;1.0;0.0;1.0;8.0;0.0;0.0;2.75;0.0;0.0;0.0;2.0;0.0;0.0;0.0;0.0;0.0;0.0;0.0;0.0;3.0;0.0;0.0;0.0;0.0;4.0;0.0;0.0;0.0;0.0;0.0;0.0;0.0;0.0;0.0;0.0;0.0;0.0;0.0;0.0;0.0;0.0;0.0;0.0;0.0;0.0;0.0;0.0;0.0;0.0;0.0;0.0;0.0;2.0;0.0;0.0;0.0;0.0;0.0;0.0;0.0;0.0;0.0
5430.0;3.0;1.0;0.0;1.0;8.0;0.0;1.0;3.3;4.0;0.0;0.0;3.0;4.0;0.0;0.0;3.0;3.0;0.0;0.0;0.0;3.0;2.0;0.0;0.0;0.0;3.0;3.0;0.0;0.0;0.0;0.0;0.0;3.0;5.0;0.0;4.0;0.0;2.0;0.0;4.0;0.0;5.0;0.0;0.0;4.0;0.0;0.0;0.0;0.0;0.0;0.0;0.0;0.0;3.0;0.0;0.0;0.0;0.0;0.0;0.0;3.0;4.0;0.0
5437.0;3.0;1.0;0.0;1.0;11.0;0.0;5.0;2.6666666666666665;2.0;0.0;0.0;1.0;0.0;0.0;0.0;0.0;0.0;0.0;0.0;0.0;0.0;4.0;0.0;0.0;0.0;3.0;5.0;0.0;0.0;0.0;0.0;0.0;0.0;0.0;0.0;0.0;0.0;1.0;0.0;5.0;0.0;4.0;0.0;0.0;0.0;0.0;0.0;0.0;0.0;0.0;0.0;0.0;0.0;4.0;0.0;0.0;0.0;0.0;0.0;0.0;1.0;0.0;0.0
5442.0;3.0;1.0;0.0;1.0;5.0;0.0;2.0;2.5454545454545454;0.0;0.0;0.0;2.0;0.0;0.0;0.0;4.0;0.0;0.0;0.0;0.0;1.0;3.0;0.0;0.0;0.0;2.0;0.0;0.0;0.0;0.0;0.0;0.0;3.0;0.0;0.0;2.0;0.0;0.0;0.0;0.0;0.0;4.0;0.0;0.0;0.0;0.0;0.0;0.0;0.0;0.0;0.0;0.0;0.0;3.0;0.0;0.0;0.0;0.0;0.0;0.0;3.0;0.0;0.0
5445.0;3.0;1.0;0.0;0.0;5.0;0.0;4.0;1.8;0.0;0.0;0.0;0.0;0.0;2.0;0.0;0.0;0.0;0.0;0.0;0.0;0.0;0.0;0.0;3.0;0.0;0.0;0.0;3.0;0.0;0.0;0.0;2.0;0.0;0.0;2.0;0.0;0.0;0.0;0.0;0.0;0.0;0.0;0.0;0.0;0.0;2.0;0.0;0.0;0.0;0.0;1.0;0.0;1.0;0.0;0.0;0.0;0.0;0.0;0.0;0.0;0.0;0.0;0.0
5453.0;3.0;2.0;1.0;0.0;0.0;0.0;0.0;3.25;5.0;0.0;0.0;0.0;0.0;0.0;0.0;0.0;0.0;0.0;0.0;0.0;0.0;0.0;0.0;0.0;0.0;0.0;0.0;0.0;0.0;0.0;0.0;0.0;0.0;3.0;0.0;0.0;0.0;2.0;0.0;3.0;0.0;0.0;0.0;0.0;0.0;0.0;0.0;0.0;0.0;0.0;0.0;0.0;0.0;0.0;0.0;0.0;0.0;0.0;0.0;0.0;0.0;0.0;0.0
5454.0;3.0;1.0;0.0;1.0;16.0;0.0;2.0;2.1818181818181817;3.0;0.0;0.0;0.0;0.0;0.0;0.0;0.0;0.0;0.0;0.0;0.0;0.0;1.0;0.0;0.0;0.0;0.0;0.0;0.0;0.0;0.0;0.0;0.0;2.0;3.0;0.0;2.0;0.0;2.0;0.0;3.0;0.0;0.0;0.0;0.0;0.0;0.0;0.0;0.0;0.0;0.0;0.0;0.0;0.0;2.0;0.0;0.0;0.0;0.0;0.0;0.0;3.0;2.0;0.0
5459.0;3.0;1.0;0.0;1.0;2.0;0.0;2.0;2.769230769230769;4.0;0.0;0.0;2.0;0.0;0.0;0.0;0.0;0.0;0.0;0.0;0.0;2.0;2.0;0.0;4.0;0.0;3.0;4.0;0.0;0.0;0.0;0.0;0.0;3.0;2.0;0.0;0.0;0.0;0.0;0.0;0.0;0.0;4.0;0.0;0.0;0.0;0.0;0.0;0.0;0.0;0.0;0.0;0.0;0.0;4.0;0.0;0.0;0.0;0.0;0.0;0.0;1.0;0.0;0.0
5463.0;3.0;1.0;0.0;0.0;0.0;0.0;1.0;2.769230769230769;4.0;0.0;0.0;0.0;0.0;0.0;0.0;0.0;0.0;0.0;0.0;0.0;2.0;3.0;0.0;0.0;0.0;2.0;4.0;0.0;0.0;0.0;0.0;0.0;2.0;4.0;0.0;0.0;0.0;2.0;0.0;3.0;0.0;4.0;0.0;0.0;0.0;0.0;0.0;0.0;0.0;0.0;0.0;0.0;0.0;2.0;0.0;0.0;0.0;0.0;0.0;0.0;3.0;0.0;0.0
5469.0;3.0;1.0;0.0;0.0;2.0;0.0;0.0;2.75;0.0;0.0;0.0;2.0;0.0;0.0;0.0;0.0;0.0;0.0;0.0;0.0;2.0;2.0;0.0;0.0;0.0;3.0;0.0;0.0;0.0;0.0;0.0;0.0;3.0;0.0;0.0;0.0;0.0;0.0;0.0;0.0;0.0;4.0;0.0;0.0;0.0;0.0;0.0;0.0;0.0;0.0;0.0;0.0;0.0;3.0;0.0;0.0;0.0;0.0;0.0;0.0;3.0;0.0;0.0
5476.0;3.0;1.0;0.0;0.0;4.0;0.0;3.0;2.7;0.0;0.0;0.0;2.0;0.0;0.0;0.0;0.0;0.0;0.0;0.0;0.0;3.0;1.0;0.0;0.0;0.0;4.0;0.0;0.0;0.0;0.0;0.0;0.0;3.0;0.0;0.0;0.0;0.0;0.0;0.0;0.0;0.0;5.0;0.0;0.0;0.0;0.0;0.0;0.0;0.0;0.0;0.0;0.0;0.0;3.0;0.0;0.0;0.0;0.0;0.0;0.0;4.0;0.0;0.0
5477.0;3.0;1.0;0.0;0.0;17.0;0.0;1.0;2.5;0.0;0.0;0.0;0.0;0.0;0.0;0.0;0.0;0.0;0.0;0.0;0.0;0.0;0.0;0.0;0.0;0.0;0.0;0.0;0.0;0.0;0.0;0.0;0.0;0.0;0.0;0.0;0.0;0.0;0.0;0.0;0.0;0.0;4.0;0.0;0.0;0.0;0.0;0.0;0.0;0.0;0.0;0.0;0.0;0.0;0.0;0.0;0.0;0.0;0.0;0.0;0.0;1.0;0.0;0.0
5500.0;3.0;2.0;0.0;1.0;11.0;0.0;2.0;2.0;3.0;0.0;0.0;1.0;0.0;0.0;0.0;0.0;0.0;0.0;0.0;0.0;0.0;2.0;0.0;0.0;0.0;0.0;0.0;0.0;0.0;0.0;0.0;0.0;0.0;0.0;0.0;0.0;0.0;3.0;0.0;0.0;0.0;0.0;0.0;0.0;0.0;0.0;0.0;0.0;0.0;0.0;0.0;0.0;0.0;2.0;0.0;0.0;0.0;0.0;0.0;0.0;0.0;0.0;0.0
5520.0;3.0;1.0;0.0;1.0;4.0;0.0;0.0;2.3333333333333335;0.0;0.0;0.0;0.0;0.0;0.0;0.0;0.0;0.0;0.0;0.0;0.0;0.0;0.0;0.0;0.0;0.0;0.0;0.0;0.0;0.0;0.0;0.0;0.0;2.0;0.0;0.0;0.0;0.0;0.0;0.0;0.0;0.0;3.0;0.0;0.0;0.0;0.0;0.0;0.0;0.0;0.0;0.0;0.0;0.0;2.0;0.0;0.0;0.0;0.0;0.0;0.0;0.0;0.0;0.0
5523.0;2.0;2.0;0.0;2.0;0.0;2.0;2.0;3.8421052631578947;5.0;5.0;5.0;4.0;5.0;5.0;4.0;2.0;3.0;2.0;5.0;5.0;2.0;3.0;3.0;5.0;5.0;5.0;5.0;4.0;4.0;5.0;5.0;4.0;3.0;4.0;4.0;2.0;5.0;4.0;5.0;4.0;3.0;3.0;5.0;4.0;4.0;3.0;5.0;4.0;5.0;2.0;4.0;3.0;3.0;3.0;5.0;4.0;4.0;4.0;4.0;5.0;3.0;3.0;3.0
5525.0;2.0;1.0;0.0;6.0;9.0;1.0;4.0;3.2203389830508473;4.0;4.0;3.0;3.0;3.0;2.0;5.0;3.0;3.0;2.0;4.0;2.0;4.0;4.0;4.0;4.0;4.0;5.0;5.0;4.0;3.0;5.0;5.0;4.0;2.0;2.0;3.0;2.0;3.0;3.0;2.0;4.0;3.0;4.0;3.0;4.0;2.0;3.0;3.0;4.0;2.0;3.0;3.0;5.0;4.0;2.0;3.0;3.0;3.0;4.0;5.0;5.0;3.0;2.0;3.0
5526.0;2.0;2.0;0.0;3.0;1.0;0.0;3.0;3.4827586206896552;5.0;3.0;4.0;3.0;4.0;3.0;4.0;3.0;3.0;2.0;5.0;5.0;2.0;4.0;3.0;4.0;3.0;5.0;5.0;4.0;4.0;5.0;5.0;4.0;3.0;2.0;3.0;4.0;3.0;4.0;5.0;3.0;4.0;3.0;3.0;4.0;4.0;3.0;4.0;4.0;4.0;3.0;3.0;3.0;4.0;2.0;4.0;3.0;3.0;3.0;4.0;5.0;3.0;3.0;4.0
5528.0;2.0;2.0;0.0;6.0;3.0;0.0;10.0;3.0;5.0;5.0;2.0;2.0;4.0;3.0;5.0;3.0;2.0;2.0;4.0;3.0;2.0;4.0;4.0;4.0;3.0;5.0;5.0;4.0;3.0;5.0;5.0;4.0;3.0;2.0;2.0;4.0;4.0;3.0;5.0;3.0;3.0;2.0;4.0;3.0;3.0;3.0;5.0;3.0;3.0;2.0;2.0;3.0;4.0;2.0;2.0;3.0;2.0;3.0;5.0;5.0;3.0;2.0;4.0
5529.0;2.0;1.0;0.0;2.0;2.0;1.0;1.0;4.267857142857143;4.0;5.0;5.0;5.0;4.0;5.0;5.0;4.0;5.0;3.0;4.0;5.0;3.0;3.0;4.0;4.0;4.0;5.0;5.0;3.0;5.0;5.0;4.0;4.0;4.0;4.0;5.0;5.0;5.0;3.0;5.0;5.0;4.0;5.0;5.0;5.0;5.0;4.0;5.0;5.0;5.0;2.0;3.0;5.0;4.0;3.0;4.0;4.0;4.0;5.0;5.0;5.0;5.0;4.0;3.0
5530.0;3.0;2.0;0.0;3.0;5.0;1.0;8.0;2.9714285714285715;4.0;4.0;0.0;3.0;4.0;2.0;4.0;1.0;0.0;0.0;5.0;5.0;0.0;3.0;3.0;3.0;0.0;4.0;4.0;4.0;5.0;0.0;0.0;5.0;0.0;0.0;0.0;0.0;0.0;3.0;0.0;5.0;5.0;2.0;0.0;0.0;3.0;0.0;0.0;0.0;0.0;0.0;4.0;0.0;2.0;2.0;0.0;0.0;0.0;0.0;4.0;0.0;2.0;2.0;0.0
5531.0;2.0;2.0;0.0;2.0;0.0;0.0;3.0;3.7586206896551726;5.0;5.0;4.0;3.0;5.0;4.0;4.0;3.0;2.0;2.0;3.0;5.0;3.0;4.0;5.0;5.0;4.0;5.0;5.0;4.0;4.0;5.0;4.0;4.0;4.0;2.0;2.0;2.0;4.0;4.0;5.0;5.0;3.0;4.0;4.0;5.0;4.0;3.0;5.0;5.0;4.0;2.0;4.0;4.0;3.0;3.0;5.0;3.0;4.0;5.0;5.0;5.0;3.0;3.0;4.0
5635.0;3.0;1.0;1.0;4.0;7.0;0.0;4.0;2.380952380952381;0.0;2.0;0.0;0.0;0.0;1.0;2.0;2.0;0.0;0.0;2.0;4.0;0.0;0.0;0.0;0.0;0.0;0.0;0.0;0.0;0.0;5.0;0.0;0.0;0.0;2.0;2.0;2.0;3.0;2.0;0.0;0.0;0.0;0.0;0.0;2.0;2.0;2.0;3.0;0.0;0.0;0.0;0.0;0.0;0.0;0.0;0.0;0.0;0.0;0.0;5.0;0.0;0.0;0.0;4.0
5690.0;2.0;2.0;0.0;7.0;3.0;2.0;7.0;3.129032258064516;4.0;3.0;3.0;3.0;2.0;2.0;4.0;2.0;2.0;3.0;5.0;4.0;2.0;3.0;3.0;3.0;5.0;3.0;3.0;5.0;4.0;5.0;4.0;3.0;3.0;3.0;3.0;2.0;5.0;2.0;5.0;4.0;3.0;4.0;3.0;4.0;3.0;2.0;4.0;5.0;4.0;3.0;4.0;3.0;2.0;3.0;4.0;5.0;4.0;4.0;4.0;4.0;2.0;3.0;3.0
5700.0;2.0;1.0;0.0;7.0;5.0;0.0;15.0;2.4857142857142858;3.0;3.0;3.0;2.0;2.0;2.0;2.0;2.0;3.0;3.0;3.0;3.0;2.0;3.0;3.0;2.0;5.0;3.0;5.0;5.0;4.0;5.0;5.0;3.0;2.0;2.0;4.0;2.0;3.0;3.0;3.0;3.0;2.0;4.0;2.0;2.0;2.0;2.0;4.0;2.0;2.0;2.0;3.0;2.0;2.0;2.0;2.0;3.0;4.0;3.0;4.0;4.0;2.0;3.0;3.0
5701.0;2.0;1.0;0.0;2.0;0.0;5.0;0.0;4.418181818181818;5.0;5.0;5.0;4.0;3.0;5.0;5.0;2.0;4.0;2.0;5.0;5.0;5.0;5.0;4.0;4.0;3.0;5.0;5.0;5.0;5.0;5.0;5.0;4.0;3.0;3.0;5.0;3.0;5.0;3.0;4.0;5.0;4.0;5.0;5.0;5.0;5.0;4.0;5.0;5.0;5.0;4.0;4.0;5.0;5.0;4.0;5.0;5.0;5.0;5.0;5.0;5.0;5.0;3.0;4.0
5702.0;2.0;2.0;0.0;6.0;7.0;0.0;10.0;3.0615384615384613;4.0;3.0;4.0;4.0;5.0;2.0;5.0;2.0;2.0;2.0;5.0;4.0;3.0;4.0;4.0;4.0;3.0;3.0;4.0;5.0;5.0;5.0;5.0;4.0;2.0;2.0;4.0;2.0;4.0;3.0;4.0;3.0;4.0;4.0;2.0;2.0;2.0;2.0;3.0;5.0;2.0;2.0;5.0;4.0;4.0;3.0;3.0;2.0;3.0;3.0;4.0;5.0;4.0;2.0;4.0
5703.0;4.0;2.0;0.0;7.0;15.0;0.0;17.0;2.4098360655737703;4.0;3.0;0.0;2.0;2.0;3.0;2.0;1.0;0.0;0.0;4.0;3.0;2.0;3.0;4.0;3.0;2.0;3.0;5.0;5.0;3.0;5.0;5.0;3.0;2.0;2.0;0.0;3.0;3.0;2.0;3.0;2.0;2.0;4.0;0.0;1.0;2.0;2.0;3.0;0.0;4.0;0.0;2.0;0.0;2.0;2.0;2.0;3.0;2.0;3.0;3.0;4.0;3.0;1.0;4.0
5704.0;4.0;2.0;1.0;3.0;7.0;0.0;3.0;3.2448979591836733;4.0;4.0;4.0;0.0;0.0;4.0;4.0;2.0;2.0;3.0;5.0;3.0;0.0;0.0;4.0;4.0;3.0;0.0;5.0;5.0;4.0;5.0;5.0;3.0;0.0;2.0;4.0;3.0;4.0;3.0;4.0;5.0;2.0;0.0;2.0;3.0;2.0;3.0;3.0;5.0;4.0;2.0;3.0;2.0;4.0;0.0;3.0;2.0;3.0;4.0;3.0;4.0;0.0;2.0;2.0
5705.0;2.0;2.0;0.0;3.0;3.0;2.0;3.0;3.9491525423728815;5.0;4.0;5.0;4.0;4.0;4.0;5.0;2.0;3.0;3.0;5.0;5.0;3.0;5.0;4.0;5.0;3.0;5.0;5.0;5.0;4.0;5.0;5.0;4.0;3.0;3.0;4.0;3.0;5.0;3.0;5.0;5.0;5.0;5.0;4.0;5.0;5.0;2.0;4.0;5.0;4.0;3.0;4.0;3.0;3.0;2.0;4.0;4.0;4.0;5.0;4.0;5.0;4.0;4.0;4.0
5706.0;2.0;1.0;0.0;4.0;4.0;0.0;7.0;3.0;3.0;2.0;4.0;3.0;2.0;4.0;5.0;2.0;2.0;3.0;3.0;3.0;2.0;4.0;4.0;4.0;2.0;4.0;5.0;5.0;4.0;5.0;5.0;3.0;2.0;2.0;2.0;3.0;3.0;2.0;4.0;4.0;2.0;5.0;2.0;2.0;3.0;3.0;4.0;4.0;3.0;3.0;3.0;4.0;2.0;2.0;3.0;3.0;4.0;3.0;5.0;5.0;4.0;2.0;3.0
5707.0;3.0;1.0;0.0;3.0;5.0;0.0;12.0;2.6315789473684212;4.0;4.0;0.0;2.0;3.0;3.0;4.0;2.0;1.0;0.0;3.0;3.0;2.0;3.0;3.0;3.0;2.0;4.0;5.0;5.0;5.0;5.0;5.0;2.0;2.0;0.0;0.0;0.0;3.0;3.0;2.0;3.0;3.0;4.0;0.0;1.0;2.0;2.0;3.0;3.0;3.0;0.0;2.0;0.0;2.0;2.0;3.0;2.0;3.0;4.0;4.0;4.0;3.0;2.0;2.0
5708.0;3.0;2.0;0.0;2.0;1.0;1.0;4.0;3.3095238095238093;5.0;5.0;4.0;3.0;2.0;3.0;5.0;2.0;2.0;0.0;5.0;4.0;3.0;4.0;4.0;4.0;2.0;5.0;5.0;5.0;3.0;0.0;0.0;4.0;2.0;3.0;0.0;3.0;0.0;3.0;0.0;4.0;5.0;5.0;0.0;0.0;3.0;2.0;4.0;0.0;0.0;0.0;3.0;0.0;3.0;2.0;0.0;0.0;0.0;0.0;4.0;0.0;3.0;4.0;3.0
5709.0;2.0;1.0;0.0;3.0;1.0;3.0;3.0;3.6551724137931036;4.0;2.0;5.0;3.0;2.0;5.0;5.0;2.0;2.0;3.0;3.0;3.0;4.0;4.0;4.0;4.0;3.0;5.0;5.0;5.0;3.0;5.0;5.0;4.0;3.0;2.0;4.0;3.0;5.0;2.0;4.0;5.0;5.0;5.0;4.0;5.0;5.0;2.0;4.0;5.0;5.0;2.0;4.0;4.0;4.0;3.0;4.0;4.0;4.0;5.0;5.0;4.0;3.0;2.0;3.0
5710.0;4.0;1.0;0.0;3.0;7.0;0.0;8.0;2.7818181818181817;3.0;3.0;3.0;4.0;2.0;3.0;5.0;3.0;2.0;0.0;4.0;3.0;2.0;4.0;3.0;4.0;2.0;3.0;5.0;5.0;5.0;5.0;5.0;2.0;2.0;2.0;2.0;3.0;2.0;3.0;0.0;3.0;2.0;4.0;0.0;0.0;3.0;2.0;3.0;0.0;0.0;0.0;3.0;0.0;2.0;3.0;4.0;2.0;2.0;2.0;3.0;4.0;3.0;3.0;3.0
5711.0;4.0;2.0;1.0;7.0;10.0;0.0;8.0;2.8135593220338984;4.0;3.0;2.0;3.0;3.0;4.0;3.0;2.0;2.0;2.0;5.0;3.0;0.0;4.0;4.0;4.0;2.0;0.0;5.0;5.0;3.0;5.0;5.0;3.0;4.0;2.0;2.0;0.0;3.0;2.0;3.0;3.0;2.0;3.0;3.0;2.0;2.0;3.0;2.0;5.0;3.0;2.0;3.0;3.0;2.0;0.0;3.0;2.0;4.0;3.0;4.0;4.0;3.0;2.0;3.0
5712.0;2.0;1.0;0.0;3.0;1.0;1.0;3.0;3.603448275862069;5.0;5.0;5.0;3.0;3.0;4.0;4.0;2.0;2.0;3.0;5.0;4.0;2.0;4.0;4.0;4.0;3.0;4.0;5.0;5.0;5.0;5.0;5.0;4.0;3.0;3.0;5.0;4.0;3.0;2.0;4.0;4.0;3.0;5.0;3.0;2.0;3.0;2.0;5.0;5.0;4.0;3.0;4.0;5.0;4.0;2.0;3.0;3.0;4.0;5.0;4.0;4.0;4.0;3.0;3.0
5713.0;2.0;1.0;0.0;3.0;3.0;5.0;8.0;3.3015873015873014;4.0;5.0;5.0;4.0;2.0;2.0;5.0;2.0;3.0;3.0;5.0;4.0;2.0;3.0;4.0;4.0;2.0;5.0;5.0;5.0;5.0;5.0;5.0;4.0;3.0;2.0;3.0;2.0;4.0;2.0;4.0;4.0;4.0;4.0;3.0;4.0;2.0;3.0;5.0;5.0;4.0;2.0;3.0;4.0;2.0;3.0;4.0;3.0;5.0;4.0;4.0;4.0;5.0;3.0;3.0
5739.0;3.0;1.0;0.0;3.0;3.0;0.0;14.0;2.6140350877192984;3.0;3.0;1.0;3.0;2.0;2.0;4.0;2.0;0.0;0.0;4.0;4.0;2.0;3.0;4.0;3.0;3.0;5.0;3.0;5.0;5.0;5.0;5.0;2.0;2.0;0.0;0.0;0.0;4.0;2.0;0.0;3.0;4.0;3.0;0.0;3.0;2.0;2.0;2.0;4.0;2.0;0.0;3.0;0.0;0.0;3.0;3.0;2.0;2.0;4.0;4.0;4.0;2.0;1.0;3.0
5751.0;3.0;1.0;0.0;0.0;3.0;0.0;2.0;1.8;0.0;0.0;0.0;0.0;0.0;0.0;0.0;0.0;0.0;0.0;0.0;0.0;2.0;2.0;0.0;0.0;0.0;0.0;0.0;0.0;0.0;0.0;0.0;0.0;0.0;0.0;0.0;1.0;0.0;0.0;0.0;0.0;0.0;3.0;0.0;0.0;0.0;0.0;0.0;0.0;0.0;0.0;0.0;0.0;0.0;0.0;0.0;0.0;0.0;0.0;0.0;0.0;0.0;0.0;0.0
5838.0;2.0;2.0;0.0;2.0;5.0;3.0;3.0;3.7758620689655173;5.0;4.0;5.0;5.0;3.0;3.0;5.0;3.0;2.0;3.0;5.0;5.0;2.0;4.0;4.0;5.0;5.0;5.0;5.0;5.0;5.0;5.0;5.0;5.0;2.0;3.0;4.0;4.0;4.0;4.0;5.0;3.0;3.0;4.0;3.0;3.0;2.0;3.0;4.0;5.0;4.0;2.0;4.0;2.0;3.0;3.0;4.0;4.0;5.0;5.0;5.0;5.0;4.0;3.0;4.0
5843.0;3.0;1.0;1.0;4.0;1.0;0.0;0.0;3.3333333333333335;0.0;0.0;0.0;0.0;0.0;0.0;5.0;0.0;3.0;0.0;0.0;0.0;0.0;0.0;0.0;0.0;0.0;0.0;0.0;0.0;0.0;0.0;0.0;0.0;0.0;3.0;0.0;0.0;0.0;3.0;0.0;0.0;0.0;0.0;0.0;0.0;3.0;0.0;0.0;0.0;0.0;0.0;0.0;0.0;0.0;0.0;0.0;0.0;0.0;0.0;0.0;0.0;0.0;3.0;0.0
5860.0;3.0;2.0;0.0;1.0;9.0;0.0;4.0;2.9565217391304346;3.0;0.0;0.0;5.0;2.0;0.0;0.0;0.0;0.0;0.0;0.0;0.0;3.0;4.0;0.0;3.0;0.0;5.0;5.0;4.0;0.0;0.0;0.0;4.0;1.0;0.0;0.0;3.0;0.0;4.0;0.0;3.0;0.0;4.0;0.0;0.0;3.0;0.0;0.0;0.0;0.0;0.0;1.0;0.0;3.0;2.0;0.0;0.0;0.0;0.0;0.0;0.0;2.0;2.0;0.0
5861.0;3.0;2.0;0.0;3.0;5.0;0.0;2.0;3.1785714285714284;4.0;0.0;0.0;4.0;2.0;0.0;4.0;0.0;0.0;0.0;4.0;4.0;2.0;4.0;4.0;2.0;5.0;4.0;3.0;3.0;0.0;0.0;0.0;2.0;2.0;0.0;0.0;0.0;0.0;3.0;0.0;3.0;4.0;4.0;0.0;0.0;0.0;0.0;0.0;0.0;0.0;0.0;0.0;0.0;0.0;2.0;0.0;0.0;4.0;2.0;5.0;0.0;3.0;1.0;4.0
5862.0;2.0;2.0;0.0;4.0;9.0;2.0;2.0;3.736842105263158;3.0;4.0;2.0;5.0;4.0;3.0;4.0;2.0;3.0;2.0;5.0;5.0;4.0;5.0;4.0;5.0;5.0;5.0;5.0;5.0;5.0;5.0;5.0;4.0;2.0;3.0;4.0;3.0;5.0;4.0;4.0;3.0;5.0;4.0;2.0;2.0;3.0;2.0;4.0;3.0;4.0;2.0;4.0;2.0;5.0;4.0;4.0;4.0;5.0;4.0;5.0;5.0;4.0;3.0;4.0
5896.0;4.0;1.0;1.0;5.0;6.0;0.0;5.0;2.466666666666667;0.0;0.0;0.0;0.0;0.0;0.0;4.0;0.0;1.0;0.0;0.0;3.0;0.0;4.0;0.0;1.0;0.0;0.0;0.0;0.0;0.0;0.0;0.0;0.0;3.0;2.0;0.0;0.0;0.0;2.0;0.0;0.0;0.0;0.0;0.0;0.0;2.0;0.0;0.0;0.0;0.0;0.0;0.0;0.0;0.0;0.0;5.0;0.0;0.0;0.0;5.0;0.0;0.0;2.0;0.0
5927.0;4.0;1.0;0.0;5.0;13.0;0.0;17.0;2.6885245901639343;3.0;4.0;4.0;5.0;2.0;2.0;4.0;2.0;1.0;0.0;5.0;4.0;2.0;4.0;0.0;3.0;4.0;5.0;5.0;4.0;5.0;0.0;0.0;3.0;2.0;2.0;3.0;1.0;0.0;3.0;4.0;3.0;2.0;3.0;0.0;0.0;2.0;3.0;4.0;4.0;3.0;0.0;2.0;0.0;3.0;3.0;4.0;2.0;3.0;4.0;5.0;5.0;2.0;2.0;4.0
5967.0;2.0;2.0;0.0;3.0;5.0;5.0;1.0;4.107142857142857;5.0;3.0;5.0;4.0;4.0;4.0;5.0;3.0;4.0;2.0;5.0;5.0;3.0;5.0;5.0;5.0;5.0;5.0;5.0;5.0;4.0;5.0;5.0;5.0;3.0;4.0;5.0;3.0;5.0;3.0;4.0;4.0;5.0;3.0;3.0;3.0;5.0;2.0;4.0;5.0;4.0;3.0;4.0;4.0;5.0;3.0;5.0;4.0;5.0;4.0;4.0;5.0;4.0;3.0;5.0
5985.0;3.0;1.0;0.0;0.0;1.0;0.0;0.0;3.6666666666666665;0.0;0.0;0.0;0.0;0.0;0.0;0.0;0.0;0.0;0.0;0.0;0.0;0.0;0.0;0.0;0.0;0.0;4.0;0.0;0.0;0.0;0.0;0.0;0.0;0.0;0.0;0.0;0.0;0.0;0.0;0.0;0.0;0.0;5.0;0.0;0.0;0.0;0.0;0.0;0.0;0.0;0.0;0.0;0.0;0.0;2.0;0.0;0.0;0.0;0.0;0.0;0.0;0.0;0.0;0.0
5990.0;3.0;1.0;0.0;0.0;0.0;0.0;0.0;3.0;0.0;0.0;0.0;2.0;0.0;0.0;0.0;0.0;0.0;0.0;0.0;0.0;2.0;3.0;0.0;0.0;0.0;5.0;5.0;0.0;0.0;0.0;0.0;0.0;0.0;0.0;0.0;0.0;0.0;0.0;0.0;0.0;0.0;0.0;0.0;0.0;0.0;0.0;0.0;0.0;0.0;0.0;0.0;0.0;0.0;2.0;0.0;0.0;0.0;0.0;0.0;0.0;2.0;0.0;0.0
5997.0;3.0;1.0;0.0;0.0;0.0;0.0;0.0;3.0;0.0;0.0;0.0;3.0;0.0;0.0;0.0;0.0;0.0;0.0;0.0;0.0;0.0;3.0;0.0;0.0;0.0;3.0;0.0;0.0;0.0;0.0;0.0;0.0;0.0;0.0;0.0;0.0;0.0;0.0;0.0;0.0;0.0;4.0;0.0;0.0;0.0;0.0;0.0;0.0;0.0;0.0;0.0;0.0;0.0;2.0;0.0;0.0;0.0;0.0;0.0;0.0;0.0;0.0;0.0
6052.0;2.0;2.0;0.0;2.0;5.0;4.0;2.0;4.0;5.0;4.0;5.0;4.0;4.0;4.0;4.0;2.0;2.0;3.0;5.0;5.0;2.0;5.0;4.0;5.0;5.0;5.0;5.0;5.0;4.0;5.0;5.0;5.0;4.0;3.0;5.0;4.0;4.0;3.0;4.0;4.0;5.0;4.0;4.0;2.0;4.0;2.0;5.0;5.0;4.0;3.0;4.0;3.0;5.0;3.0;5.0;5.0;5.0;4.0;5.0;5.0;4.0;2.0;5.0
6101.0;3.0;2.0;0.0;3.0;6.0;2.0;1.0;3.8974358974358974;5.0;4.0;0.0;4.0;4.0;0.0;5.0;3.0;2.0;0.0;3.0;5.0;3.0;5.0;4.0;5.0;0.0;5.0;5.0;5.0;5.0;4.0;0.0;5.0;3.0;2.0;4.0;3.0;5.0;3.0;0.0;5.0;5.0;5.0;0.0;0.0;3.0;3.0;3.0;0.0;0.0;0.0;0.0;0.0;3.0;3.0;5.0;0.0;5.0;0.0;5.0;0.0;3.0;2.0;0.0
6132.0;3.0;1.0;0.0;3.0;1.0;1.0;1.0;3.75;3.0;0.0;0.0;4.0;0.0;0.0;0.0;0.0;0.0;0.0;0.0;0.0;0.0;4.0;0.0;0.0;0.0;5.0;5.0;0.0;0.0;0.0;0.0;0.0;0.0;0.0;0.0;0.0;0.0;0.0;0.0;0.0;0.0;5.0;0.0;0.0;0.0;0.0;0.0;0.0;0.0;0.0;0.0;0.0;0.0;3.0;0.0;0.0;0.0;0.0;0.0;0.0;0.0;0.0;0.0
6159.0;3.0;1.0;0.0;1.0;12.0;0.0;3.0;3.090909090909091;5.0;0.0;0.0;4.0;0.0;0.0;0.0;0.0;0.0;0.0;0.0;0.0;0.0;4.0;0.0;0.0;0.0;4.0;5.0;0.0;0.0;0.0;0.0;0.0;1.0;0.0;0.0;0.0;0.0;0.0;0.0;0.0;0.0;4.0;0.0;0.0;1.0;0.0;0.0;0.0;0.0;0.0;0.0;0.0;0.0;3.0;0.0;0.0;0.0;0.0;0.0;0.0;2.0;0.0;0.0
6160.0;3.0;1.0;0.0;0.0;3.0;0.0;4.0;2.6666666666666665;0.0;0.0;0.0;5.0;0.0;0.0;0.0;0.0;0.0;0.0;0.0;0.0;0.0;4.0;0.0;0.0;0.0;3.0;4.0;0.0;0.0;0.0;0.0;0.0;1.0;0.0;0.0;0.0;0.0;0.0;0.0;0.0;0.0;4.0;0.0;0.0;0.0;0.0;0.0;0.0;0.0;0.0;0.0;0.0;0.0;1.0;0.0;0.0;0.0;0.0;0.0;0.0;0.0;0.0;0.0
6174.0;3.0;1.0;0.0;1.0;3.0;0.0;2.0;2.2;0.0;0.0;0.0;3.0;0.0;0.0;0.0;0.0;0.0;0.0;0.0;0.0;0.0;4.0;0.0;0.0;0.0;0.0;0.0;0.0;0.0;0.0;0.0;0.0;1.0;0.0;0.0;0.0;0.0;0.0;0.0;0.0;0.0;0.0;0.0;0.0;0.0;0.0;0.0;0.0;0.0;0.0;0.0;0.0;0.0;2.0;0.0;0.0;0.0;0.0;0.0;0.0;1.0;0.0;0.0
6188.0;3.0;1.0;0.0;1.0;2.0;0.0;0.0;4.4;0.0;0.0;0.0;5.0;0.0;0.0;0.0;4.0;4.0;0.0;0.0;0.0;3.0;5.0;0.0;0.0;0.0;5.0;5.0;0.0;0.0;0.0;0.0;0.0;5.0;5.0;0.0;5.0;0.0;4.0;0.0;0.0;0.0;0.0;0.0;0.0;3.0;0.0;0.0;0.0;0.0;0.0;0.0;0.0;0.0;3.0;0.0;0.0;0.0;0.0;0.0;0.0;5.0;5.0;0.0
6206.0;3.0;1.0;0.0;2.0;1.0;0.0;1.0;3.3076923076923075;4.0;0.0;0.0;5.0;3.0;2.0;0.0;3.0;2.0;0.0;0.0;0.0;2.0;5.0;0.0;3.0;0.0;5.0;5.0;3.0;0.0;0.0;0.0;0.0;3.0;2.0;4.0;2.0;0.0;3.0;0.0;4.0;0.0;5.0;0.0;0.0;2.0;0.0;0.0;0.0;0.0;0.0;3.0;0.0;5.0;2.0;0.0;0.0;0.0;0.0;0.0;0.0;3.0;5.0;0.0
6268.0;3.0;1.0;0.0;2.0;3.0;0.0;2.0;3.4375;5.0;0.0;0.0;5.0;3.0;0.0;0.0;0.0;0.0;0.0;0.0;0.0;2.0;5.0;0.0;0.0;0.0;5.0;5.0;0.0;0.0;0.0;0.0;0.0;0.0;0.0;0.0;0.0;0.0;3.0;0.0;3.0;0.0;5.0;0.0;0.0;5.0;0.0;0.0;0.0;0.0;0.0;1.0;0.0;0.0;3.0;0.0;0.0;0.0;0.0;0.0;0.0;2.0;2.0;0.0
6275.0;3.0;1.0;0.0;2.0;5.0;0.0;0.0;3.5238095238095237;4.0;0.0;0.0;4.0;2.0;0.0;0.0;3.0;4.0;0.0;0.0;0.0;0.0;5.0;0.0;4.0;0.0;4.0;3.0;0.0;0.0;0.0;0.0;4.0;2.0;3.0;0.0;4.0;0.0;3.0;0.0;4.0;0.0;3.0;0.0;0.0;2.0;0.0;0.0;0.0;0.0;0.0;0.0;0.0;5.0;3.0;0.0;0.0;0.0;0.0;0.0;0.0;4.0;4.0;0.0
6370.0;3.0;2.0;0.0;1.0;0.0;0.0;0.0;3.5555555555555554;0.0;0.0;0.0;3.0;0.0;0.0;0.0;0.0;0.0;0.0;0.0;0.0;2.0;4.0;0.0;0.0;0.0;4.0;0.0;0.0;0.0;0.0;0.0;0.0;5.0;0.0;0.0;2.0;0.0;0.0;0.0;0.0;0.0;5.0;0.0;0.0;0.0;0.0;0.0;0.0;0.0;0.0;0.0;0.0;0.0;3.0;0.0;0.0;0.0;0.0;0.0;0.0;4.0;0.0;0.0
6559.0;3.0;1.0;0.0;1.0;0.0;0.0;0.0;4.0;0.0;0.0;0.0;0.0;0.0;0.0;0.0;0.0;0.0;0.0;0.0;0.0;0.0;0.0;0.0;0.0;0.0;0.0;0.0;0.0;0.0;0.0;0.0;0.0;0.0;0.0;0.0;0.0;0.0;3.0;0.0;3.0;0.0;0.0;0.0;0.0;0.0;0.0;0.0;0.0;0.0;0.0;0.0;0.0;0.0;0.0;0.0;0.0;0.0;0.0;5.0;0.0;0.0;0.0;5.0
6560.0;3.0;1.0;0.0;1.0;0.0;0.0;0.0;4.0;0.0;0.0;0.0;0.0;0.0;0.0;0.0;0.0;0.0;0.0;0.0;0.0;0.0;0.0;0.0;0.0;0.0;0.0;0.0;0.0;0.0;0.0;0.0;0.0;0.0;0.0;0.0;0.0;0.0;3.0;0.0;3.0;0.0;0.0;0.0;0.0;0.0;0.0;0.0;0.0;0.0;0.0;0.0;0.0;0.0;0.0;0.0;0.0;0.0;0.0;5.0;0.0;0.0;0.0;5.0
