IDAlumno;Estado;Sexo;Estado_Carrera;TiempoEstudio;Ausencias;CincoF;aplazos;Promedio;ADMINISTRACION Y MERCADOTECNIA;CIRCUITOS ELECTRICOS;COMPUTACION I;COMPUTACION II;CALCULO I;CALCULO II;CALCULO III;CALCULO IV;CALCULO V;CALCULO VI;DISENO ASISTIDO POR COMPUTADORA I;DISENO ASISTIDO POR COMPUTADORA II;DISENO TECNICO;ESTRUCTURAS I;ESTRUCTURAS II;ESTRUCTURAS III;EVENTOS Y DEPORTES I;EVENTOS Y DEPORTES II;EVENTOS Y DEPORTES III;EVENTOS Y DEPORTES IV;EVENTOS Y DEPORTES V;EVENTOS Y DEPORTES VI;EXPRESION ORAL Y ESCRITA;FISICA I;FISICA II;FISICA III;FISICA IV;FISICA V;FISICA VI;GEOMETRIA ANALITICA;GEOTECNIA I;GEOTECNIA II;HIDRAULICA I;HIDRAULICA II;HORMIGON ARMADO I;IDIOMAS  I;INGLES I;INGLES II;INGLES III;LABORATORIO DE IDIOMAS I;MATERIALES DE OBRAS CIVILES;MECANICA DE MATERIALES I;MECANICA DE MATERIALES II;MECANICA VECTORIAL I;MECANICA VECTORIAL II;METODOLOGIA DE LA INVESTIGACION I;METODOLOGIA DE LA INVESTIGACION II;PROBABILIDAD Y ESTADISTICA;QUIMICA;TECNOLOGIA DEL HORMIGON;TOPOGRAFIA;VIAS DE COMUNICACION I;VIAS DE COMUNICACION II;ALGEBRA LINEAL I;ALGEBRA LINEAL II;ETICA PROFESIONAL
5001;3.0;2;0.0;1;3;0;10.0;1.96;3.0;2.0;2.0;1.0;2.0;0.0;0.0;0.0;0.0;0.0;3.0;0.0;3.0;0.0;0.0;0.0;3.0;3.0;4.0;0.0;0.0;0.0;2.0;0.0;0.0;0.0;0.0;0.0;0.0;0.0;0.0;0.0;0.0;0.0;0.0;0.0;3.0;2.0;0.0;0.0;1.0;0.0;0.0;0.0;0.0;3.0;0.0;0.0;2.0;2.0;0.0;0.0;0.0;1.0;0.0;0.0
5002;2.0;1;0.0;3;2;0;7.0;3.1746031746031744;5.0;3.0;4.0;2.0;2.0;2.0;2.0;2.0;2.0;4.0;5.0;5.0;5.0;2.0;3.0;3.0;5.0;4.0;4.0;4.0;4.0;5.0;3.0;2.0;3.0;3.0;4.0;5.0;2.0;4.0;2.0;2.0;3.0;4.0;2.0;5.0;5.0;5.0;4.0;4.0;4.0;2.0;2.0;2.0;4.0;3.0;5.0;4.0;4.0;5.0;4.0;3.0;3.0;4.0;2.0;3.0
5003;2.0;1;0.0;5;9;1;4.0;3.05;4.0;2.0;4.0;2.0;2.0;2.0;2.0;2.0;4.0;2.0;4.0;4.0;5.0;2.0;3.0;2.0;5.0;4.0;4.0;4.0;5.0;5.0;3.0;2.0;4.0;4.0;3.0;5.0;2.0;3.0;2.0;2.0;3.0;2.0;2.0;5.0;4.0;5.0;3.0;3.0;4.0;3.0;3.0;3.0;2.0;3.0;4.0;2.0;3.0;5.0;3.0;3.0;3.0;2.0;2.0;4.0
5004;3.0;2;0.0;2;6;0;3.0;2.8285714285714287;5.0;3.0;4.0;3.0;2.0;2.0;0.0;0.0;0.0;0.0;3.0;3.0;4.0;4.0;0.0;0.0;4.0;4.0;4.0;4.0;0.0;0.0;3.0;2.0;2.0;2.0;3.0;0.0;0.0;3.0;0.0;0.0;0.0;0.0;0.0;0.0;2.0;3.0;3.0;0.0;3.0;0.0;0.0;3.0;0.0;3.0;0.0;3.0;3.0;2.0;3.0;0.0;0.0;2.0;2.0;0.0
5005;4.0;1;0.0;5;10;1;2.0;4.170731707317073;5.0;5.0;4.0;3.0;3.0;5.0;5.0;5.0;5.0;0.0;4.0;4.0;4.0;2.0;0.0;0.0;4.0;5.0;5.0;5.0;0.0;0.0;4.0;5.0;4.0;5.0;5.0;5.0;0.0;5.0;0.0;0.0;0.0;0.0;0.0;4.0;5.0;4.0;5.0;0.0;5.0;2.0;0.0;4.0;4.0;4.0;0.0;4.0;5.0;4.0;5.0;0.0;0.0;5.0;3.0;0.0
5006;2.0;1;1.0;4;2;1;3.0;3.1136363636363638;0.0;0.0;0.0;0.0;3.0;3.0;2.0;2.0;3.0;4.0;3.0;5.0;0.0;3.0;3.0;4.0;0.0;0.0;5.0;4.0;5.0;5.0;3.0;0.0;4.0;0.0;3.0;3.0;3.0;0.0;2.0;2.0;3.0;4.0;2.0;4.0;0.0;0.0;2.0;3.0;3.0;2.0;2.0;2.0;3.0;3.0;5.0;5.0;0.0;3.0;4.0;3.0;3.0;0.0;0.0;4.0
5007;4.0;2;0.0;5;7;0;23.0;2.0952380952380953;4.0;2.0;2.0;2.0;2.0;0.0;0.0;0.0;0.0;0.0;3.0;3.0;3.0;2.0;0.0;0.0;3.0;4.0;4.0;5.0;5.0;5.0;2.0;2.0;2.0;2.0;2.0;4.0;2.0;2.0;0.0;0.0;0.0;0.0;0.0;3.0;2.0;2.0;3.0;3.0;3.0;0.0;0.0;2.0;0.0;3.0;3.0;2.0;3.0;2.0;2.0;2.0;0.0;2.0;2.0;3.0
5009;2.0;1;1.0;4;5;1;1.0;3.4634146341463414;0.0;4.0;0.0;0.0;0.0;0.0;3.0;2.0;4.0;5.0;5.0;4.0;0.0;4.0;3.0;4.0;0.0;0.0;3.0;4.0;5.0;5.0;4.0;0.0;2.0;0.0;4.0;3.0;4.0;0.0;2.0;2.0;2.0;2.0;2.0;4.0;0.0;0.0;3.0;4.0;4.0;4.0;3.0;2.0;4.0;5.0;5.0;5.0;0.0;5.0;3.0;3.0;2.0;0.0;0.0;3.0
5011;2.0;2;0.0;5;8;0;3.0;2.864406779661017;5.0;3.0;2.0;3.0;2.0;2.0;2.0;2.0;3.0;2.0;4.0;3.0;4.0;3.0;4.0;3.0;4.0;4.0;4.0;4.0;5.0;5.0;3.0;2.0;2.0;3.0;3.0;4.0;4.0;2.0;2.0;2.0;3.0;2.0;2.0;3.0;4.0;4.0;3.0;4.0;3.0;2.0;2.0;2.0;2.0;3.0;3.0;4.0;3.0;2.0;3.0;2.0;2.0;2.0;2.0;4.0
5012;3.0;1;0.0;2;4;2;2.0;2.96875;3.0;2.0;3.0;2.0;2.0;2.0;0.0;0.0;0.0;0.0;4.0;0.0;5.0;3.0;0.0;0.0;5.0;5.0;5.0;5.0;0.0;0.0;3.0;2.0;3.0;3.0;3.0;0.0;0.0;2.0;0.0;0.0;0.0;0.0;0.0;0.0;3.0;4.0;4.0;0.0;3.0;0.0;0.0;2.0;0.0;2.0;0.0;3.0;3.0;2.0;0.0;0.0;0.0;3.0;2.0;0.0
5014;3.0;1;1.0;2;3;0;5.0;2.0714285714285716;4.0;1.0;2.0;1.0;0.0;0.0;0.0;0.0;0.0;0.0;2.0;0.0;4.0;0.0;0.0;0.0;0.0;2.0;3.0;0.0;0.0;0.0;0.0;0.0;0.0;0.0;0.0;0.0;0.0;0.0;0.0;0.0;0.0;0.0;0.0;0.0;0.0;0.0;0.0;0.0;3.0;0.0;0.0;0.0;0.0;2.0;0.0;0.0;2.0;1.0;0.0;0.0;0.0;0.0;0.0;0.0
5015;2.0;2;0.0;3;1;0;5.0;3.1639344262295084;5.0;3.0;3.0;3.0;2.0;2.0;2.0;2.0;4.0;4.0;5.0;3.0;5.0;4.0;3.0;3.0;5.0;4.0;4.0;5.0;5.0;5.0;3.0;2.0;4.0;2.0;3.0;3.0;2.0;4.0;2.0;2.0;3.0;2.0;2.0;4.0;5.0;5.0;4.0;4.0;4.0;2.0;2.0;3.0;4.0;3.0;5.0;4.0;2.0;5.0;3.0;2.0;3.0;3.0;2.0;4.0
5016;2.0;1;0.0;5;6;0;12.0;2.235294117647059;3.0;2.0;2.0;3.0;2.0;2.0;2.0;2.0;2.0;2.0;3.0;3.0;4.0;3.0;2.0;3.0;3.0;2.0;3.0;3.0;5.0;5.0;2.0;2.0;2.0;2.0;2.0;3.0;2.0;3.0;2.0;2.0;3.0;3.0;2.0;2.0;2.0;2.0;2.0;3.0;3.0;2.0;2.0;3.0;2.0;2.0;2.0;2.0;2.0;2.0;2.0;3.0;4.0;2.0;2.0;3.0
5017;2.0;2;0.0;4;6;0;4.0;3.15;4.0;2.0;3.0;3.0;2.0;2.0;2.0;3.0;5.0;5.0;3.0;4.0;4.0;3.0;4.0;4.0;4.0;4.0;4.0;4.0;5.0;5.0;2.0;2.0;4.0;2.0;3.0;4.0;4.0;2.0;2.0;3.0;2.0;4.0;3.0;5.0;4.0;4.0;4.0;4.0;4.0;2.0;2.0;2.0;2.0;3.0;5.0;4.0;3.0;3.0;4.0;2.0;3.0;2.0;3.0;4.0
5018;4.0;2;0.0;6;8;0;20.0;2.046511627906977;2.0;0.0;2.0;1.0;3.0;0.0;0.0;0.0;0.0;0.0;2.0;3.0;3.0;0.0;0.0;0.0;5.0;5.0;5.0;4.0;5.0;0.0;2.0;0.0;0.0;0.0;0.0;0.0;0.0;2.0;0.0;0.0;0.0;0.0;0.0;0.0;2.0;2.0;3.0;0.0;2.0;0.0;0.0;0.0;0.0;5.0;2.0;0.0;2.0;2.0;1.0;0.0;0.0;2.0;0.0;3.0
5019;2.0;1;0.0;6;11;0;7.0;3.015873015873016;4.0;3.0;5.0;3.0;2.0;2.0;2.0;3.0;2.0;4.0;4.0;3.0;4.0;2.0;3.0;2.0;4.0;4.0;5.0;4.0;5.0;5.0;3.0;2.0;3.0;4.0;2.0;5.0;3.0;3.0;2.0;3.0;2.0;3.0;3.0;4.0;4.0;5.0;4.0;5.0;5.0;2.0;2.0;2.0;2.0;4.0;3.0;3.0;3.0;5.0;3.0;3.0;3.0;2.0;2.0;4.0
5021;2.0;2;0.0;5;14;0;12.0;2.573529411764706;4.0;2.0;3.0;2.0;2.0;2.0;2.0;3.0;4.0;3.0;3.0;2.0;5.0;3.0;3.0;4.0;3.0;4.0;3.0;3.0;5.0;5.0;2.0;2.0;2.0;3.0;2.0;4.0;3.0;2.0;2.0;2.0;3.0;4.0;3.0;4.0;3.0;4.0;2.0;3.0;4.0;2.0;2.0;3.0;3.0;3.0;5.0;2.0;3.0;3.0;2.0;2.0;2.0;2.0;2.0;3.0
5024;3.0;2;0.0;0;1;0;5.0;1.8;0.0;0.0;2.0;0.0;1.0;0.0;0.0;0.0;0.0;0.0;0.0;0.0;3.0;0.0;0.0;0.0;3.0;0.0;0.0;0.0;0.0;0.0;0.0;1.0;0.0;0.0;0.0;0.0;0.0;0.0;0.0;0.0;0.0;0.0;0.0;0.0;3.0;0.0;0.0;0.0;0.0;0.0;0.0;0.0;0.0;0.0;0.0;0.0;2.0;0.0;0.0;0.0;0.0;0.0;0.0;0.0
5025;2.0;2;0.0;3;6;0;5.0;3.0327868852459017;5.0;3.0;3.0;2.0;2.0;2.0;2.0;3.0;4.0;3.0;4.0;4.0;5.0;4.0;4.0;4.0;4.0;4.0;4.0;4.0;5.0;5.0;3.0;2.0;2.0;3.0;3.0;4.0;4.0;2.0;2.0;2.0;2.0;2.0;2.0;4.0;3.0;4.0;4.0;4.0;3.0;3.0;2.0;3.0;3.0;3.0;5.0;3.0;3.0;3.0;3.0;3.0;3.0;2.0;2.0;4.0
5026;2.0;1;0.0;3;2;1;4.0;3.2;4.0;3.0;3.0;2.0;3.0;2.0;2.0;2.0;4.0;3.0;4.0;4.0;5.0;3.0;2.0;3.0;5.0;5.0;5.0;4.0;5.0;5.0;3.0;3.0;4.0;3.0;3.0;3.0;4.0;2.0;4.0;3.0;2.0;2.0;4.0;4.0;3.0;4.0;3.0;4.0;5.0;2.0;3.0;3.0;3.0;4.0;5.0;4.0;4.0;3.0;2.0;3.0;2.0;3.0;3.0;3.0
5027;3.0;1;1.0;2;1;0;2.0;2.4;2.0;0.0;0.0;0.0;2.0;0.0;0.0;0.0;0.0;0.0;0.0;0.0;3.0;0.0;0.0;0.0;0.0;0.0;5.0;0.0;0.0;0.0;2.0;0.0;0.0;0.0;0.0;0.0;0.0;0.0;0.0;0.0;0.0;0.0;0.0;0.0;0.0;0.0;0.0;0.0;3.0;0.0;0.0;0.0;0.0;2.0;0.0;0.0;0.0;3.0;0.0;0.0;0.0;0.0;0.0;0.0
5029;3.0;1;0.0;2;4;0;5.0;1.8571428571428572;0.0;0.0;3.0;3.0;2.0;1.0;0.0;0.0;0.0;0.0;0.0;0.0;3.0;0.0;0.0;0.0;2.0;0.0;0.0;0.0;0.0;0.0;0.0;0.0;0.0;0.0;0.0;0.0;0.0;0.0;0.0;0.0;0.0;0.0;0.0;0.0;2.0;0.0;0.0;0.0;0.0;0.0;0.0;0.0;0.0;0.0;0.0;0.0;2.0;0.0;0.0;0.0;0.0;2.0;2.0;0.0
5030;4.0;2;0.0;7;7;0;22.0;2.135593220338983;4.0;2.0;2.0;2.0;2.0;0.0;0.0;0.0;0.0;0.0;2.0;3.0;2.0;0.0;0.0;0.0;4.0;5.0;4.0;4.0;5.0;5.0;2.0;2.0;2.0;3.0;2.0;3.0;2.0;2.0;0.0;0.0;0.0;0.0;0.0;2.0;2.0;4.0;2.0;3.0;4.0;0.0;0.0;0.0;0.0;2.0;3.0;0.0;2.0;3.0;2.0;3.0;2.0;2.0;0.0;4.0
5033;3.0;1;0.0;3;13;1;11.0;2.393939393939394;4.0;4.0;2.0;3.0;3.0;1.0;0.0;0.0;0.0;0.0;2.0;4.0;4.0;0.0;0.0;0.0;4.0;4.0;5.0;5.0;0.0;0.0;2.0;0.0;0.0;0.0;0.0;0.0;0.0;0.0;0.0;0.0;0.0;0.0;0.0;0.0;2.0;2.0;0.0;0.0;2.0;0.0;0.0;0.0;0.0;3.0;0.0;1.0;3.0;3.0;2.0;0.0;0.0;3.0;2.0;0.0
5034;3.0;1;0.0;4;8;0;4.0;2.6;4.0;2.0;2.0;2.0;2.0;1.0;0.0;0.0;0.0;0.0;2.0;2.0;2.0;0.0;0.0;0.0;5.0;4.0;4.0;4.0;5.0;0.0;2.0;2.0;2.0;2.0;3.0;4.0;0.0;2.0;0.0;0.0;0.0;0.0;0.0;0.0;2.0;3.0;0.0;0.0;2.0;0.0;0.0;3.0;0.0;3.0;4.0;0.0;2.0;3.0;2.0;3.0;0.0;3.0;0.0;0.0
5035;3.0;1;0.0;2;4;0;8.0;2.433333333333333;5.0;3.0;2.0;2.0;2.0;0.0;0.0;0.0;0.0;0.0;2.0;0.0;3.0;0.0;0.0;0.0;5.0;4.0;5.0;0.0;0.0;0.0;2.0;2.0;2.0;2.0;0.0;0.0;0.0;1.0;0.0;0.0;0.0;0.0;0.0;0.0;4.0;3.0;3.0;0.0;3.0;0.0;0.0;0.0;0.0;3.0;0.0;0.0;3.0;1.0;0.0;0.0;0.0;2.0;3.0;0.0
5036;4.0;1;0.0;4;10;0;3.0;2.871794871794872;4.0;3.0;2.0;2.0;2.0;0.0;0.0;0.0;0.0;0.0;4.0;3.0;4.0;0.0;0.0;0.0;4.0;4.0;4.0;5.0;5.0;5.0;2.0;2.0;2.0;2.0;2.0;4.0;3.0;0.0;0.0;0.0;0.0;0.0;0.0;5.0;2.0;3.0;2.0;2.0;3.0;0.0;0.0;1.0;0.0;3.0;4.0;0.0;2.0;3.0;2.0;2.0;3.0;2.0;0.0;3.0
5039;2.0;2;0.0;3;7;0;4.0;2.8666666666666667;3.0;2.0;3.0;3.0;2.0;2.0;2.0;3.0;4.0;4.0;2.0;4.0;2.0;3.0;4.0;4.0;2.0;2.0;4.0;4.0;5.0;5.0;3.0;2.0;2.0;3.0;3.0;4.0;4.0;3.0;2.0;2.0;4.0;3.0;4.0;3.0;2.0;3.0;3.0;4.0;4.0;2.0;2.0;2.0;3.0;4.0;4.0;2.0;2.0;3.0;3.0;2.0;2.0;3.0;3.0;4.0
5040;3.0;1;1.0;4;4;0;5.0;2.235294117647059;3.0;1.0;2.0;2.0;0.0;0.0;0.0;0.0;0.0;0.0;2.0;3.0;4.0;0.0;0.0;0.0;0.0;2.0;3.0;0.0;0.0;0.0;0.0;0.0;0.0;0.0;0.0;0.0;0.0;0.0;0.0;0.0;0.0;0.0;0.0;0.0;0.0;0.0;0.0;0.0;3.0;0.0;0.0;0.0;0.0;2.0;4.0;0.0;0.0;3.0;0.0;0.0;0.0;0.0;0.0;0.0
5041;2.0;1;0.0;5;14;0;10.0;2.5757575757575757;5.0;3.0;2.0;2.0;2.0;2.0;2.0;2.0;2.0;4.0;3.0;4.0;3.0;3.0;3.0;4.0;4.0;4.0;4.0;5.0;5.0;5.0;3.0;2.0;2.0;2.0;2.0;4.0;3.0;3.0;3.0;2.0;2.0;2.0;3.0;2.0;2.0;4.0;2.0;2.0;2.0;2.0;2.0;2.0;3.0;4.0;4.0;2.0;2.0;3.0;3.0;2.0;3.0;2.0;2.0;4.0
5042;3.0;1;1.0;1;1;0;0.0;3.0;0.0;2.0;0.0;0.0;0.0;0.0;0.0;0.0;0.0;0.0;4.0;0.0;0.0;0.0;0.0;0.0;0.0;0.0;0.0;0.0;0.0;0.0;0.0;0.0;0.0;0.0;0.0;0.0;0.0;0.0;0.0;0.0;0.0;0.0;0.0;0.0;0.0;0.0;0.0;0.0;0.0;0.0;0.0;0.0;0.0;0.0;0.0;0.0;0.0;0.0;0.0;0.0;0.0;0.0;0.0;0.0
5045;4.0;2;0.0;5;12;0;10.0;2.1724137931034484;4.0;2.0;3.0;2.0;3.0;0.0;0.0;0.0;0.0;0.0;3.0;0.0;2.0;0.0;0.0;0.0;4.0;4.0;4.0;3.0;0.0;0.0;3.0;1.0;0.0;0.0;0.0;0.0;0.0;0.0;0.0;0.0;0.0;0.0;0.0;0.0;2.0;3.0;3.0;0.0;2.0;0.0;0.0;0.0;0.0;2.0;0.0;0.0;2.0;1.0;0.0;0.0;0.0;2.0;1.0;0.0
5046;3.0;2;0.0;0;2;0;1.0;2.4;0.0;0.0;3.0;0.0;1.0;0.0;0.0;0.0;0.0;0.0;0.0;0.0;4.0;0.0;0.0;0.0;0.0;0.0;0.0;0.0;0.0;0.0;0.0;0.0;0.0;0.0;0.0;0.0;0.0;0.0;0.0;0.0;0.0;0.0;0.0;0.0;2.0;0.0;0.0;0.0;0.0;0.0;0.0;0.0;0.0;0.0;0.0;0.0;2.0;0.0;0.0;0.0;0.0;0.0;0.0;0.0
5047;2.0;1;0.0;4;15;0;10.0;2.787878787878788;4.0;3.0;5.0;3.0;2.0;2.0;2.0;3.0;4.0;4.0;3.0;5.0;2.0;3.0;2.0;4.0;4.0;3.0;5.0;4.0;5.0;5.0;3.0;2.0;2.0;4.0;3.0;4.0;4.0;2.0;2.0;2.0;2.0;4.0;3.0;5.0;2.0;3.0;3.0;3.0;4.0;2.0;3.0;2.0;2.0;3.0;5.0;2.0;2.0;2.0;4.0;2.0;3.0;2.0;2.0;4.0
5208;3.0;1;1.0;0;3;1;3.0;2.1666666666666665;0.0;2.0;0.0;0.0;2.0;0.0;0.0;0.0;0.0;0.0;2.0;0.0;0.0;0.0;0.0;0.0;0.0;0.0;4.0;5.0;0.0;0.0;2.0;0.0;2.0;0.0;0.0;0.0;0.0;0.0;0.0;0.0;0.0;0.0;0.0;0.0;0.0;0.0;0.0;0.0;2.0;0.0;0.0;0.0;0.0;0.0;0.0;0.0;0.0;2.0;0.0;0.0;0.0;0.0;0.0;0.0
5321;4.0;1;1.0;8;3;0;2.0;3.15;0.0;4.0;0.0;0.0;3.0;0.0;0.0;0.0;0.0;0.0;4.0;2.0;0.0;0.0;0.0;0.0;0.0;0.0;0.0;0.0;5.0;5.0;0.0;0.0;0.0;0.0;3.0;3.0;3.0;0.0;0.0;0.0;0.0;0.0;0.0;3.0;0.0;0.0;0.0;4.0;3.0;0.0;0.0;0.0;0.0;0.0;4.0;0.0;0.0;3.0;2.0;2.0;3.0;0.0;0.0;5.0
5331;2.0;1;1.0;6;5;0;7.0;2.652173913043478;0.0;3.0;0.0;0.0;2.0;2.0;2.0;2.0;4.0;3.0;2.0;4.0;0.0;3.0;3.0;3.0;0.0;0.0;0.0;0.0;5.0;5.0;0.0;0.0;3.0;0.0;2.0;5.0;3.0;2.0;2.0;2.0;3.0;2.0;3.0;5.0;0.0;0.0;0.0;3.0;4.0;3.0;2.0;2.0;2.0;0.0;5.0;2.0;0.0;2.0;2.0;4.0;3.0;0.0;2.0;4.0
5554;2.0;1;0.0;3;1;1;2.0;3.5172413793103448;3.0;3.0;3.0;4.0;4.0;3.0;4.0;4.0;4.0;4.0;2.0;5.0;5.0;4.0;4.0;4.0;4.0;4.0;4.0;5.0;4.0;4.0;3.0;2.0;4.0;5.0;3.0;4.0;3.0;5.0;4.0;4.0;4.0;5.0;2.0;3.0;2.0;2.0;4.0;4.0;3.0;3.0;3.0;3.0;3.0;5.0;5.0;4.0;2.0;3.0;3.0;3.0;4.0;3.0;4.0;3.0
5565;3.0;1;0.0;2;2;0;6.0;2.3333333333333335;3.0;0.0;2.0;1.0;2.0;0.0;0.0;0.0;0.0;0.0;0.0;0.0;3.0;0.0;0.0;0.0;5.0;4.0;0.0;0.0;0.0;0.0;0.0;0.0;0.0;0.0;0.0;0.0;0.0;0.0;0.0;0.0;0.0;0.0;0.0;0.0;2.0;0.0;0.0;0.0;0.0;0.0;0.0;0.0;0.0;5.0;3.0;0.0;1.0;0.0;0.0;0.0;0.0;0.0;0.0;0.0
5566;2.0;1;0.0;7;7;0;7.0;2.7777777777777777;3.0;3.0;3.0;3.0;2.0;2.0;2.0;2.0;4.0;3.0;3.0;3.0;3.0;3.0;4.0;2.0;4.0;3.0;3.0;4.0;4.0;4.0;3.0;2.0;2.0;3.0;3.0;3.0;2.0;2.0;2.0;2.0;3.0;3.0;2.0;4.0;5.0;3.0;4.0;3.0;2.0;3.0;2.0;3.0;3.0;5.0;5.0;2.0;3.0;3.0;3.0;3.0;4.0;3.0;3.0;3.0
5568;3.0;2;0.0;1;2;0;3.0;2.6923076923076925;3.0;1.0;3.0;2.0;0.0;0.0;0.0;0.0;0.0;0.0;0.0;0.0;4.0;0.0;0.0;0.0;4.0;4.0;0.0;0.0;0.0;0.0;0.0;0.0;0.0;0.0;0.0;0.0;0.0;0.0;0.0;0.0;0.0;0.0;0.0;0.0;3.0;4.0;0.0;0.0;0.0;0.0;0.0;0.0;0.0;0.0;0.0;0.0;3.0;0.0;0.0;0.0;0.0;2.0;1.0;0.0
5569;2.0;1;0.0;6;6;0;2.0;3.4310344827586206;3.0;2.0;3.0;3.0;4.0;2.0;3.0;2.0;4.0;4.0;3.0;4.0;4.0;3.0;4.0;4.0;5.0;5.0;4.0;4.0;5.0;5.0;5.0;2.0;4.0;4.0;4.0;3.0;4.0;2.0;3.0;2.0;3.0;3.0;3.0;5.0;4.0;4.0;5.0;4.0;4.0;2.0;2.0;3.0;2.0;5.0;5.0;5.0;3.0;3.0;4.0;3.0;3.0;2.0;2.0;5.0
5572;3.0;1;0.0;4;2;0;1.0;3.4782608695652173;4.0;3.0;5.0;3.0;2.0;0.0;0.0;0.0;0.0;0.0;4.0;3.0;4.0;0.0;0.0;0.0;5.0;5.0;3.0;0.0;0.0;0.0;4.0;0.0;0.0;0.0;0.0;0.0;0.0;0.0;0.0;0.0;0.0;0.0;0.0;0.0;4.0;4.0;5.0;0.0;2.0;0.0;0.0;0.0;0.0;4.0;4.0;0.0;2.0;3.0;2.0;1.0;0.0;0.0;0.0;4.0
5576;2.0;2;0.0;4;7;1;4.0;3.033333333333333;3.0;3.0;4.0;3.0;2.0;2.0;2.0;3.0;2.0;2.0;3.0;5.0;3.0;4.0;3.0;3.0;3.0;5.0;4.0;4.0;5.0;4.0;5.0;2.0;3.0;4.0;3.0;3.0;3.0;4.0;2.0;3.0;3.0;4.0;3.0;3.0;3.0;2.0;2.0;2.0;3.0;2.0;2.0;3.0;3.0;5.0;4.0;4.0;4.0;3.0;3.0;5.0;3.0;2.0;3.0;3.0
5577;3.0;1;0.0;0;0;0;1.0;2.5;0.0;0.0;0.0;0.0;0.0;0.0;0.0;0.0;0.0;0.0;0.0;0.0;2.0;0.0;0.0;0.0;5.0;0.0;0.0;0.0;0.0;0.0;0.0;0.0;0.0;0.0;0.0;0.0;0.0;0.0;0.0;0.0;0.0;0.0;0.0;0.0;2.0;0.0;0.0;0.0;0.0;0.0;0.0;0.0;0.0;0.0;0.0;0.0;0.0;0.0;0.0;0.0;0.0;0.0;0.0;0.0
5579;3.0;1;0.0;2;4;0;2.0;3.15625;4.0;3.0;3.0;2.0;3.0;0.0;0.0;0.0;0.0;0.0;3.0;5.0;2.0;0.0;0.0;0.0;4.0;3.0;3.0;0.0;0.0;0.0;4.0;3.0;0.0;0.0;0.0;0.0;0.0;2.0;0.0;0.0;0.0;0.0;0.0;3.0;4.0;4.0;5.0;0.0;4.0;0.0;0.0;2.0;0.0;5.0;4.0;2.0;3.0;4.0;3.0;4.0;0.0;2.0;2.0;4.0
5580;3.0;1;0.0;1;0;0;3.0;2.6875;3.0;0.0;2.0;2.0;2.0;0.0;0.0;0.0;0.0;0.0;2.0;5.0;3.0;0.0;0.0;0.0;4.0;4.0;3.0;0.0;0.0;0.0;0.0;0.0;0.0;0.0;0.0;0.0;0.0;0.0;0.0;0.0;0.0;0.0;0.0;0.0;0.0;0.0;0.0;0.0;0.0;0.0;0.0;0.0;0.0;5.0;0.0;0.0;2.0;3.0;0.0;0.0;0.0;0.0;0.0;0.0
5581;3.0;2;0.0;1;0;0;7.0;2.2;2.0;2.0;2.0;3.0;0.0;0.0;0.0;0.0;0.0;0.0;3.0;0.0;2.0;0.0;0.0;0.0;4.0;4.0;3.0;0.0;0.0;0.0;3.0;0.0;0.0;0.0;0.0;0.0;0.0;2.0;0.0;0.0;0.0;0.0;0.0;0.0;2.0;2.0;0.0;0.0;2.0;0.0;0.0;0.0;0.0;5.0;0.0;0.0;3.0;2.0;0.0;0.0;0.0;2.0;0.0;0.0
5586;3.0;1;0.0;0;1;0;1.0;2.25;0.0;0.0;0.0;0.0;0.0;0.0;0.0;0.0;0.0;0.0;0.0;0.0;0.0;0.0;0.0;0.0;4.0;0.0;0.0;0.0;0.0;0.0;0.0;0.0;0.0;0.0;0.0;0.0;0.0;0.0;0.0;0.0;0.0;0.0;0.0;0.0;0.0;0.0;0.0;0.0;0.0;0.0;0.0;0.0;0.0;0.0;0.0;0.0;2.0;0.0;0.0;0.0;0.0;2.0;0.0;0.0
5587;3.0;1;0.0;1;0;0;6.0;2.411764705882353;3.0;0.0;2.0;2.0;1.0;0.0;0.0;0.0;0.0;0.0;3.0;3.0;4.0;0.0;0.0;0.0;5.0;5.0;4.0;0.0;0.0;0.0;0.0;0.0;0.0;0.0;0.0;0.0;0.0;0.0;0.0;0.0;0.0;0.0;0.0;0.0;1.0;0.0;0.0;0.0;0.0;0.0;0.0;0.0;0.0;0.0;0.0;0.0;2.0;0.0;0.0;0.0;0.0;2.0;0.0;0.0
5588;3.0;1;0.0;4;12;1;8.0;2.6666666666666665;3.0;3.0;5.0;3.0;3.0;1.0;0.0;0.0;0.0;0.0;2.0;5.0;3.0;0.0;0.0;0.0;5.0;3.0;0.0;0.0;0.0;0.0;4.0;2.0;2.0;3.0;4.0;0.0;0.0;2.0;0.0;0.0;0.0;0.0;0.0;3.0;2.0;3.0;2.0;4.0;3.0;0.0;0.0;0.0;0.0;5.0;3.0;0.0;2.0;2.0;2.0;0.0;0.0;0.0;0.0;5.0
5589;3.0;2;0.0;0;1;0;2.0;2.2857142857142856;0.0;0.0;2.0;0.0;0.0;0.0;0.0;0.0;0.0;0.0;0.0;0.0;4.0;0.0;0.0;0.0;4.0;0.0;0.0;0.0;0.0;0.0;0.0;0.0;0.0;0.0;0.0;0.0;0.0;0.0;0.0;0.0;0.0;0.0;0.0;0.0;1.0;0.0;0.0;0.0;0.0;0.0;0.0;0.0;0.0;0.0;0.0;0.0;2.0;0.0;0.0;0.0;0.0;2.0;0.0;0.0
5590;3.0;2;0.0;3;2;0;3.0;2.8846153846153846;3.0;2.0;4.0;3.0;3.0;0.0;0.0;0.0;0.0;0.0;2.0;4.0;2.0;0.0;0.0;0.0;5.0;5.0;4.0;5.0;0.0;0.0;3.0;0.0;0.0;0.0;0.0;0.0;0.0;2.0;0.0;0.0;0.0;0.0;0.0;0.0;2.0;3.0;2.0;0.0;2.0;0.0;0.0;0.0;0.0;5.0;4.0;0.0;2.0;2.0;0.0;0.0;0.0;3.0;1.0;0.0
5591;3.0;1;0.0;1;0;0;3.0;2.5;3.0;0.0;2.0;2.0;2.0;0.0;0.0;0.0;0.0;0.0;2.0;4.0;3.0;0.0;0.0;0.0;5.0;5.0;0.0;0.0;0.0;0.0;0.0;0.0;0.0;0.0;0.0;0.0;0.0;0.0;0.0;0.0;0.0;0.0;0.0;0.0;0.0;0.0;0.0;0.0;0.0;0.0;0.0;0.0;0.0;0.0;0.0;0.0;2.0;2.0;0.0;0.0;0.0;0.0;0.0;0.0
5594;3.0;1;0.0;4;1;0;4.0;2.9615384615384617;3.0;0.0;4.0;3.0;4.0;0.0;0.0;0.0;0.0;0.0;4.0;5.0;5.0;0.0;0.0;0.0;4.0;3.0;3.0;3.0;0.0;0.0;4.0;2.0;0.0;0.0;0.0;0.0;0.0;2.0;0.0;0.0;0.0;0.0;0.0;0.0;3.0;2.0;0.0;0.0;3.0;0.0;0.0;0.0;0.0;5.0;0.0;0.0;3.0;3.0;3.0;0.0;0.0;2.0;0.0;0.0
5596;3.0;1;0.0;3;1;0;8.0;2.111111111111111;4.0;1.0;2.0;2.0;0.0;0.0;0.0;0.0;0.0;0.0;3.0;3.0;2.0;0.0;0.0;0.0;5.0;5.0;0.0;0.0;0.0;0.0;0.0;0.0;0.0;0.0;0.0;0.0;0.0;0.0;0.0;0.0;0.0;0.0;0.0;0.0;1.0;0.0;0.0;0.0;0.0;0.0;0.0;0.0;0.0;0.0;0.0;0.0;2.0;2.0;0.0;0.0;0.0;1.0;1.0;0.0
5600;2.0;1;0.0;4;6;1;2.0;3.5172413793103448;3.0;2.0;4.0;3.0;2.0;4.0;3.0;2.0;4.0;5.0;2.0;5.0;5.0;3.0;5.0;5.0;5.0;4.0;4.0;4.0;5.0;5.0;4.0;4.0;5.0;4.0;2.0;3.0;4.0;2.0;3.0;3.0;3.0;4.0;2.0;4.0;4.0;4.0;5.0;5.0;3.0;3.0;5.0;2.0;3.0;5.0;3.0;5.0;3.0;3.0;4.0;3.0;4.0;2.0;2.0;3.0
5601;3.0;1;0.0;0;0;0;1.0;3.1;2.0;0.0;4.0;0.0;0.0;0.0;0.0;0.0;0.0;0.0;2.0;0.0;4.0;0.0;0.0;0.0;4.0;5.0;0.0;0.0;0.0;0.0;0.0;0.0;0.0;0.0;0.0;0.0;0.0;0.0;0.0;0.0;0.0;0.0;0.0;0.0;4.0;3.0;0.0;0.0;0.0;0.0;0.0;0.0;0.0;0.0;0.0;0.0;2.0;0.0;0.0;0.0;0.0;0.0;0.0;0.0
5602;2.0;1;0.0;4;2;0;5.0;3.377049180327869;4.0;2.0;4.0;3.0;2.0;3.0;2.0;3.0;4.0;4.0;4.0;5.0;5.0;4.0;4.0;4.0;5.0;5.0;4.0;4.0;5.0;5.0;4.0;2.0;3.0;4.0;4.0;4.0;3.0;3.0;2.0;3.0;3.0;4.0;2.0;3.0;3.0;4.0;4.0;4.0;4.0;2.0;2.0;2.0;5.0;5.0;5.0;3.0;3.0;5.0;5.0;3.0;4.0;2.0;3.0;4.0
5603;3.0;1;0.0;0;2;1;2.0;2.8333333333333335;0.0;0.0;3.0;0.0;0.0;0.0;0.0;0.0;0.0;0.0;0.0;0.0;4.0;0.0;0.0;0.0;5.0;0.0;0.0;0.0;0.0;0.0;0.0;0.0;0.0;0.0;0.0;0.0;0.0;0.0;0.0;0.0;0.0;0.0;0.0;0.0;1.0;0.0;0.0;0.0;0.0;0.0;0.0;0.0;0.0;0.0;0.0;0.0;3.0;0.0;0.0;0.0;0.0;0.0;0.0;0.0
5604;3.0;2;0.0;3;6;2;3.0;3.4901960784313726;3.0;3.0;4.0;3.0;2.0;2.0;2.0;2.0;4.0;0.0;3.0;4.0;5.0;4.0;4.0;0.0;4.0;5.0;4.0;3.0;5.0;5.0;5.0;2.0;3.0;3.0;3.0;3.0;0.0;4.0;3.0;0.0;3.0;0.0;0.0;4.0;5.0;5.0;5.0;4.0;4.0;2.0;0.0;2.0;4.0;5.0;5.0;3.0;5.0;4.0;3.0;3.0;0.0;4.0;4.0;4.0
5605;3.0;1;0.0;0;1;0;1.0;3.0;0.0;0.0;4.0;0.0;0.0;0.0;0.0;0.0;0.0;0.0;0.0;0.0;0.0;0.0;0.0;0.0;4.0;0.0;0.0;0.0;0.0;0.0;0.0;0.0;0.0;0.0;0.0;0.0;0.0;0.0;0.0;0.0;0.0;0.0;0.0;0.0;0.0;0.0;0.0;0.0;0.0;0.0;0.0;0.0;0.0;0.0;0.0;0.0;1.0;0.0;0.0;0.0;0.0;0.0;0.0;0.0
5606;3.0;2;0.0;4;2;1;7.0;2.909090909090909;3.0;2.0;4.0;3.0;4.0;2.0;0.0;0.0;0.0;0.0;3.0;5.0;3.0;3.0;0.0;0.0;3.0;0.0;0.0;0.0;0.0;0.0;4.0;3.0;5.0;2.0;4.0;3.0;4.0;2.0;0.0;0.0;0.0;0.0;0.0;5.0;2.0;4.0;5.0;3.0;2.0;1.0;0.0;3.0;0.0;5.0;4.0;3.0;3.0;4.0;3.0;4.0;2.0;2.0;2.0;3.0
5607;3.0;2;0.0;2;3;1;3.0;2.6842105263157894;3.0;2.0;2.0;3.0;3.0;0.0;0.0;0.0;0.0;0.0;0.0;0.0;0.0;0.0;0.0;0.0;5.0;4.0;0.0;0.0;0.0;0.0;0.0;2.0;3.0;0.0;0.0;0.0;0.0;2.0;0.0;0.0;0.0;0.0;0.0;0.0;0.0;0.0;0.0;0.0;2.0;0.0;0.0;1.0;0.0;5.0;4.0;0.0;3.0;3.0;0.0;0.0;0.0;2.0;0.0;0.0
5610;4.0;2;0.0;5;8;0;8.0;2.9361702127659575;3.0;2.0;3.0;3.0;2.0;0.0;0.0;0.0;0.0;0.0;3.0;4.0;3.0;0.0;0.0;0.0;4.0;4.0;5.0;4.0;5.0;5.0;4.0;2.0;3.0;3.0;4.0;5.0;2.0;3.0;0.0;0.0;0.0;0.0;0.0;3.0;3.0;4.0;2.0;3.0;2.0;0.0;0.0;0.0;0.0;5.0;5.0;3.0;2.0;3.0;4.0;3.0;3.0;2.0;2.0;5.0
5620;3.0;1;1.0;1;0;0;5.0;1.75;0.0;0.0;2.0;0.0;0.0;0.0;0.0;0.0;0.0;0.0;0.0;0.0;1.0;0.0;0.0;0.0;5.0;0.0;0.0;0.0;0.0;0.0;0.0;0.0;0.0;0.0;0.0;0.0;0.0;0.0;0.0;0.0;0.0;0.0;0.0;0.0;2.0;0.0;0.0;0.0;0.0;0.0;0.0;0.0;0.0;0.0;0.0;0.0;1.0;0.0;0.0;0.0;0.0;0.0;0.0;0.0
5647;3.0;1;0.0;0;0;0;1.0;2.5;3.0;0.0;0.0;0.0;0.0;0.0;0.0;0.0;0.0;0.0;0.0;0.0;2.0;0.0;0.0;0.0;3.0;4.0;0.0;0.0;0.0;0.0;0.0;0.0;0.0;0.0;0.0;0.0;0.0;0.0;0.0;0.0;0.0;0.0;0.0;0.0;0.0;0.0;0.0;0.0;0.0;0.0;0.0;0.0;0.0;0.0;0.0;0.0;2.0;0.0;0.0;0.0;0.0;0.0;0.0;0.0
5648;3.0;2;0.0;3;2;0;5.0;2.48;3.0;3.0;3.0;0.0;3.0;0.0;0.0;0.0;0.0;0.0;3.0;0.0;3.0;0.0;0.0;0.0;4.0;3.0;0.0;0.0;0.0;0.0;2.0;2.0;2.0;4.0;1.0;0.0;0.0;2.0;0.0;0.0;0.0;0.0;0.0;0.0;1.0;3.0;0.0;0.0;3.0;0.0;0.0;0.0;0.0;4.0;0.0;0.0;3.0;2.0;0.0;0.0;0.0;2.0;3.0;0.0
5649;3.0;1;0.0;1;5;0;6.0;2.4;3.0;2.0;3.0;3.0;2.0;0.0;0.0;0.0;0.0;0.0;2.0;2.0;3.0;0.0;0.0;0.0;3.0;3.0;4.0;3.0;0.0;0.0;3.0;1.0;0.0;0.0;0.0;0.0;0.0;1.0;0.0;0.0;0.0;0.0;0.0;0.0;4.0;4.0;3.0;0.0;2.0;0.0;0.0;0.0;0.0;4.0;0.0;0.0;2.0;2.0;2.0;2.0;0.0;3.0;2.0;0.0
5652;2.0;1;0.0;6;18;1;12.0;2.514705882352941;3.0;3.0;2.0;2.0;2.0;2.0;2.0;3.0;5.0;3.0;2.0;4.0;3.0;2.0;3.0;3.0;4.0;4.0;4.0;5.0;5.0;4.0;2.0;2.0;3.0;3.0;2.0;3.0;2.0;2.0;4.0;2.0;3.0;3.0;3.0;3.0;2.0;2.0;2.0;2.0;2.0;2.0;2.0;3.0;2.0;5.0;3.0;2.0;3.0;3.0;2.0;3.0;3.0;2.0;2.0;5.0
5653;3.0;2;1.0;1;1;0;5.0;2.4285714285714284;2.0;1.0;0.0;0.0;0.0;0.0;0.0;0.0;0.0;0.0;2.0;3.0;0.0;0.0;0.0;0.0;0.0;4.0;5.0;0.0;0.0;0.0;2.0;0.0;0.0;0.0;0.0;0.0;0.0;0.0;0.0;0.0;0.0;0.0;0.0;0.0;0.0;1.0;0.0;0.0;1.0;0.0;0.0;0.0;0.0;5.0;4.0;0.0;0.0;2.0;0.0;0.0;0.0;0.0;0.0;0.0
5654;3.0;2;0.0;0;1;0;2.0;2.7;2.0;1.0;0.0;0.0;0.0;0.0;0.0;0.0;0.0;0.0;2.0;0.0;3.0;0.0;0.0;0.0;5.0;5.0;0.0;0.0;0.0;0.0;0.0;0.0;0.0;0.0;0.0;0.0;0.0;0.0;0.0;0.0;0.0;0.0;0.0;0.0;3.0;2.0;0.0;0.0;0.0;0.0;0.0;0.0;0.0;0.0;0.0;0.0;3.0;0.0;0.0;0.0;0.0;0.0;0.0;0.0
5655;3.0;2;0.0;1;1;0;4.0;2.925925925925926;3.0;2.0;2.0;0.0;2.0;0.0;0.0;0.0;0.0;0.0;4.0;3.0;3.0;0.0;0.0;0.0;4.0;4.0;5.0;5.0;5.0;0.0;4.0;0.0;0.0;0.0;0.0;0.0;0.0;0.0;0.0;0.0;0.0;0.0;0.0;2.0;3.0;4.0;3.0;0.0;2.0;0.0;0.0;0.0;0.0;5.0;3.0;0.0;3.0;2.0;0.0;0.0;0.0;2.0;0.0;0.0
5656;3.0;2;0.0;2;4;0;7.0;2.263157894736842;2.0;1.0;2.0;0.0;1.0;0.0;0.0;0.0;0.0;0.0;3.0;3.0;4.0;0.0;0.0;0.0;5.0;4.0;0.0;0.0;0.0;0.0;0.0;0.0;0.0;0.0;0.0;0.0;0.0;0.0;0.0;0.0;0.0;0.0;0.0;0.0;1.0;0.0;0.0;0.0;2.0;0.0;0.0;0.0;0.0;5.0;0.0;0.0;2.0;2.0;0.0;0.0;0.0;2.0;0.0;0.0
5657;4.0;1;0.0;6;8;3;14.0;2.2972972972972974;2.0;3.0;3.0;0.0;2.0;0.0;0.0;0.0;0.0;0.0;3.0;5.0;5.0;0.0;0.0;0.0;5.0;5.0;5.0;5.0;0.0;0.0;0.0;2.0;2.0;3.0;2.0;3.0;0.0;0.0;0.0;0.0;0.0;0.0;0.0;0.0;2.0;1.0;0.0;0.0;2.0;0.0;0.0;2.0;0.0;4.0;0.0;0.0;2.0;1.0;2.0;0.0;0.0;2.0;0.0;0.0
5660;3.0;1;0.0;3;5;0;8.0;2.85;3.0;2.0;3.0;2.0;2.0;0.0;0.0;0.0;0.0;0.0;2.0;3.0;3.0;0.0;0.0;0.0;2.0;3.0;4.0;4.0;5.0;4.0;4.0;1.0;0.0;0.0;0.0;0.0;0.0;3.0;0.0;0.0;0.0;0.0;0.0;4.0;5.0;5.0;5.0;4.0;3.0;0.0;0.0;0.0;0.0;5.0;5.0;2.0;2.0;2.0;2.0;3.0;0.0;3.0;2.0;5.0
5662;3.0;1;0.0;3;5;0;6.0;2.642857142857143;3.0;2.0;3.0;3.0;2.0;0.0;0.0;0.0;0.0;0.0;2.0;4.0;3.0;0.0;0.0;0.0;3.0;4.0;5.0;4.0;5.0;5.0;2.0;2.0;2.0;4.0;2.0;3.0;0.0;2.0;0.0;0.0;0.0;0.0;0.0;3.0;2.0;2.0;2.0;0.0;2.0;0.0;0.0;3.0;0.0;5.0;4.0;2.0;3.0;3.0;2.0;3.0;0.0;2.0;2.0;0.0
5663;3.0;2;0.0;3;11;0;12.0;2.6444444444444444;3.0;4.0;2.0;3.0;2.0;1.0;0.0;0.0;0.0;0.0;2.0;3.0;4.0;0.0;0.0;0.0;4.0;3.0;4.0;4.0;5.0;5.0;3.0;1.0;0.0;0.0;0.0;0.0;0.0;2.0;0.0;0.0;0.0;0.0;0.0;4.0;3.0;4.0;4.0;3.0;2.0;0.0;0.0;0.0;0.0;5.0;4.0;2.0;3.0;2.0;3.0;3.0;2.0;2.0;4.0;4.0
5665;4.0;2;0.0;6;13;0;18.0;2.683333333333333;4.0;3.0;3.0;2.0;2.0;2.0;0.0;0.0;0.0;0.0;4.0;2.0;5.0;2.0;0.0;0.0;4.0;3.0;5.0;4.0;5.0;5.0;3.0;2.0;4.0;3.0;3.0;4.0;4.0;2.0;0.0;0.0;0.0;0.0;0.0;4.0;4.0;5.0;5.0;3.0;2.0;0.0;0.0;4.0;0.0;5.0;4.0;3.0;3.0;3.0;3.0;3.0;3.0;2.0;3.0;4.0
5666;3.0;2;0.0;1;6;1;7.0;2.676470588235294;3.0;3.0;3.0;2.0;2.0;0.0;0.0;0.0;0.0;0.0;2.0;4.0;3.0;0.0;0.0;0.0;3.0;3.0;4.0;5.0;5.0;0.0;2.0;0.0;0.0;0.0;0.0;0.0;0.0;0.0;0.0;0.0;0.0;0.0;0.0;4.0;4.0;5.0;3.0;0.0;2.0;0.0;0.0;0.0;0.0;5.0;4.0;2.0;3.0;2.0;2.0;0.0;0.0;2.0;2.0;0.0
5667;2.0;2;0.0;6;11;0;12.0;2.676470588235294;3.0;3.0;2.0;2.0;2.0;2.0;2.0;2.0;5.0;3.0;3.0;4.0;5.0;2.0;3.0;2.0;4.0;3.0;5.0;5.0;5.0;5.0;3.0;2.0;2.0;4.0;2.0;3.0;4.0;3.0;2.0;2.0;3.0;4.0;2.0;3.0;2.0;4.0;2.0;3.0;2.0;2.0;3.0;3.0;2.0;5.0;5.0;3.0;3.0;3.0;3.0;3.0;3.0;2.0;2.0;4.0
5672;3.0;2;0.0;4;10;0;12.0;2.4146341463414633;3.0;2.0;3.0;3.0;2.0;0.0;0.0;0.0;0.0;0.0;4.0;3.0;3.0;0.0;0.0;0.0;4.0;3.0;3.0;0.0;0.0;0.0;3.0;2.0;1.0;0.0;0.0;0.0;0.0;1.0;0.0;0.0;0.0;0.0;0.0;3.0;2.0;3.0;2.0;3.0;3.0;0.0;0.0;0.0;0.0;5.0;5.0;3.0;3.0;3.0;2.0;3.0;1.0;2.0;3.0;4.0
5673;2.0;2;0.0;6;8;2;12.0;2.7058823529411766;3.0;3.0;3.0;3.0;2.0;3.0;2.0;3.0;5.0;2.0;2.0;4.0;3.0;2.0;3.0;3.0;5.0;5.0;5.0;5.0;5.0;5.0;2.0;2.0;3.0;2.0;3.0;3.0;4.0;3.0;2.0;2.0;2.0;2.0;3.0;4.0;3.0;3.0;2.0;3.0;2.0;2.0;2.0;3.0;2.0;5.0;5.0;2.0;2.0;3.0;4.0;4.0;2.0;3.0;3.0;4.0
5688;3.0;1;1.0;0;1;0;1.0;3.6666666666666665;3.0;0.0;4.0;0.0;0.0;0.0;0.0;0.0;0.0;0.0;0.0;0.0;2.0;0.0;0.0;0.0;5.0;5.0;0.0;0.0;0.0;0.0;0.0;0.0;0.0;0.0;0.0;0.0;0.0;1.0;0.0;0.0;0.0;0.0;0.0;0.0;5.0;4.0;0.0;0.0;0.0;0.0;0.0;0.0;0.0;0.0;0.0;0.0;4.0;0.0;0.0;0.0;0.0;0.0;0.0;0.0
5715;3.0;1;0.0;1;2;0;5.0;1.9;2.0;0.0;3.0;0.0;0.0;0.0;0.0;0.0;0.0;0.0;0.0;0.0;1.0;0.0;0.0;0.0;4.0;3.0;0.0;0.0;0.0;0.0;0.0;0.0;0.0;0.0;0.0;0.0;0.0;0.0;0.0;0.0;0.0;0.0;0.0;0.0;1.0;0.0;0.0;0.0;0.0;0.0;0.0;0.0;0.0;0.0;0.0;0.0;2.0;0.0;0.0;0.0;0.0;0.0;0.0;0.0
5716;3.0;1;0.0;3;4;1;4.0;2.909090909090909;3.0;3.0;3.0;2.0;2.0;0.0;0.0;0.0;0.0;0.0;4.0;4.0;3.0;0.0;0.0;0.0;4.0;4.0;5.0;3.0;5.0;5.0;3.0;1.0;0.0;0.0;0.0;0.0;0.0;0.0;0.0;0.0;0.0;0.0;0.0;3.0;3.0;4.0;2.0;3.0;2.0;0.0;0.0;0.0;0.0;5.0;3.0;0.0;2.0;3.0;2.0;3.0;0.0;2.0;2.0;0.0
5717;3.0;1;0.0;2;1;0;8.0;2.2222222222222223;2.0;2.0;3.0;2.0;2.0;0.0;0.0;0.0;0.0;0.0;2.0;3.0;4.0;0.0;0.0;0.0;3.0;4.0;4.0;0.0;0.0;0.0;0.0;2.0;0.0;0.0;0.0;0.0;0.0;4.0;0.0;0.0;0.0;0.0;0.0;0.0;2.0;0.0;0.0;0.0;2.0;0.0;0.0;0.0;0.0;4.0;0.0;0.0;2.0;3.0;0.0;0.0;0.0;2.0;0.0;0.0
5718;3.0;1;0.0;1;1;0;2.0;2.9444444444444446;2.0;2.0;3.0;2.0;2.0;0.0;0.0;0.0;0.0;0.0;4.0;4.0;5.0;0.0;0.0;0.0;5.0;4.0;5.0;0.0;0.0;0.0;0.0;0.0;0.0;0.0;0.0;0.0;0.0;0.0;0.0;0.0;0.0;0.0;0.0;0.0;2.0;0.0;0.0;0.0;0.0;0.0;0.0;0.0;0.0;5.0;0.0;0.0;2.0;2.0;0.0;0.0;0.0;2.0;0.0;0.0
5722;2.0;2;0.0;7;22;1;12.0;2.735294117647059;3.0;2.0;3.0;2.0;3.0;2.0;2.0;2.0;4.0;2.0;3.0;2.0;5.0;2.0;3.0;2.0;4.0;4.0;5.0;3.0;5.0;5.0;3.0;2.0;2.0;3.0;2.0;3.0;3.0;3.0;2.0;2.0;3.0;3.0;3.0;5.0;5.0;5.0;4.0;5.0;2.0;2.0;4.0;3.0;3.0;5.0;4.0;3.0;3.0;2.0;2.0;3.0;2.0;2.0;3.0;5.0
5723;4.0;1;0.0;7;20;0;9.0;2.843137254901961;2.0;3.0;3.0;3.0;2.0;2.0;2.0;0.0;0.0;0.0;3.0;4.0;3.0;3.0;0.0;0.0;5.0;4.0;5.0;5.0;5.0;4.0;3.0;2.0;2.0;3.0;2.0;4.0;4.0;2.0;0.0;0.0;0.0;0.0;0.0;5.0;4.0;4.0;4.0;4.0;3.0;0.0;0.0;3.0;0.0;5.0;2.0;0.0;3.0;3.0;2.0;2.0;3.0;3.0;2.0;4.0
5725;3.0;2;0.0;3;5;1;5.0;2.742857142857143;2.0;4.0;3.0;3.0;2.0;0.0;0.0;0.0;0.0;0.0;3.0;4.0;3.0;0.0;0.0;0.0;4.0;3.0;4.0;5.0;5.0;5.0;3.0;1.0;0.0;0.0;0.0;0.0;0.0;2.0;0.0;0.0;0.0;0.0;0.0;2.0;2.0;2.0;2.0;3.0;2.0;0.0;0.0;0.0;0.0;4.0;3.0;0.0;2.0;3.0;3.0;3.0;0.0;3.0;2.0;0.0
5727;2.0;2;0.0;3;2;1;3.0;3.305084745762712;2.0;2.0;4.0;3.0;2.0;2.0;3.0;3.0;3.0;3.0;2.0;4.0;5.0;3.0;4.0;4.0;4.0;4.0;5.0;5.0;5.0;5.0;4.0;2.0;3.0;3.0;3.0;5.0;3.0;3.0;2.0;2.0;4.0;4.0;4.0;5.0;3.0;4.0;3.0;4.0;4.0;2.0;2.0;3.0;3.0;5.0;4.0;5.0;3.0;4.0;4.0;2.0;3.0;3.0;3.0;4.0
5734;2.0;1;1.0;3;5;2;1.0;3.5416666666666665;3.0;4.0;0.0;4.0;0.0;3.0;4.0;3.0;4.0;5.0;3.0;4.0;0.0;2.0;3.0;3.0;0.0;4.0;5.0;5.0;5.0;5.0;3.0;0.0;5.0;3.0;4.0;4.0;3.0;0.0;2.0;2.0;3.0;3.0;3.0;4.0;0.0;4.0;3.0;4.0;3.0;2.0;2.0;3.0;4.0;5.0;5.0;3.0;0.0;4.0;4.0;3.0;3.0;0.0;4.0;5.0
5735;2.0;2;0.0;3;1;1;1.0;3.5789473684210527;4.0;3.0;4.0;4.0;3.0;3.0;3.0;3.0;4.0;3.0;3.0;3.0;4.0;2.0;4.0;4.0;4.0;3.0;4.0;5.0;5.0;5.0;4.0;2.0;3.0;5.0;3.0;5.0;3.0;4.0;2.0;3.0;2.0;5.0;4.0;5.0;4.0;4.0;3.0;4.0;3.0;2.0;2.0;4.0;3.0;5.0;5.0;5.0;4.0;5.0;3.0;3.0;3.0;3.0;4.0;4.0
5740;2.0;2;0.0;6;12;2;6.0;2.7903225806451615;4.0;4.0;3.0;2.0;2.0;2.0;2.0;2.0;4.0;2.0;2.0;4.0;3.0;2.0;3.0;2.0;5.0;5.0;5.0;5.0;5.0;5.0;3.0;3.0;3.0;2.0;2.0;4.0;3.0;2.0;2.0;2.0;3.0;3.0;3.0;4.0;2.0;3.0;3.0;3.0;2.0;2.0;2.0;2.0;3.0;5.0;3.0;3.0;3.0;2.0;2.0;2.0;2.0;3.0;3.0;5.0
5741;3.0;2;0.0;1;0;0;6.0;2.1333333333333333;3.0;0.0;2.0;0.0;0.0;0.0;0.0;0.0;0.0;0.0;0.0;0.0;3.0;0.0;0.0;0.0;4.0;3.0;0.0;0.0;0.0;0.0;0.0;0.0;0.0;0.0;0.0;0.0;0.0;0.0;0.0;0.0;0.0;0.0;0.0;0.0;2.0;2.0;0.0;0.0;0.0;0.0;0.0;0.0;0.0;5.0;0.0;0.0;2.0;1.0;0.0;0.0;0.0;0.0;0.0;0.0
5743;3.0;1;0.0;1;1;0;2.0;1.8888888888888888;0.0;2.0;0.0;0.0;2.0;0.0;0.0;0.0;0.0;0.0;0.0;0.0;3.0;0.0;0.0;0.0;2.0;0.0;0.0;0.0;0.0;0.0;0.0;2.0;2.0;0.0;0.0;0.0;0.0;0.0;0.0;0.0;0.0;0.0;0.0;0.0;1.0;0.0;0.0;0.0;0.0;0.0;0.0;0.0;0.0;0.0;0.0;0.0;2.0;0.0;0.0;0.0;0.0;0.0;0.0;0.0
5745;3.0;1;0.0;1;0;0;4.0;1.875;2.0;0.0;0.0;0.0;0.0;0.0;0.0;0.0;0.0;0.0;0.0;0.0;3.0;0.0;0.0;0.0;4.0;0.0;0.0;0.0;0.0;0.0;0.0;0.0;0.0;0.0;0.0;0.0;0.0;0.0;0.0;0.0;0.0;0.0;0.0;0.0;1.0;0.0;0.0;0.0;0.0;0.0;0.0;0.0;0.0;0.0;0.0;0.0;2.0;0.0;0.0;0.0;0.0;0.0;0.0;0.0
5755;3.0;2;1.0;2;1;0;1.0;2.3333333333333335;0.0;0.0;2.0;0.0;0.0;0.0;0.0;0.0;0.0;0.0;0.0;0.0;0.0;0.0;0.0;0.0;4.0;0.0;0.0;0.0;0.0;0.0;0.0;0.0;0.0;0.0;0.0;0.0;0.0;0.0;0.0;0.0;0.0;0.0;0.0;0.0;0.0;0.0;0.0;0.0;0.0;0.0;0.0;0.0;0.0;0.0;0.0;0.0;1.0;0.0;0.0;0.0;0.0;0.0;0.0;0.0
5756;3.0;2;0.0;4;3;0;5.0;2.6363636363636362;2.0;0.0;3.0;0.0;1.0;0.0;0.0;0.0;0.0;0.0;3.0;0.0;2.0;0.0;0.0;0.0;4.0;3.0;3.0;4.0;5.0;5.0;2.0;0.0;0.0;0.0;0.0;0.0;0.0;0.0;0.0;0.0;0.0;0.0;0.0;0.0;2.0;3.0;0.0;0.0;0.0;0.0;0.0;0.0;0.0;5.0;0.0;0.0;2.0;2.0;0.0;0.0;0.0;0.0;0.0;3.0
5757;4.0;1;0.0;5;2;0;7.0;2.5555555555555554;2.0;3.0;2.0;3.0;2.0;0.0;0.0;0.0;0.0;0.0;3.0;4.0;4.0;0.0;0.0;0.0;5.0;5.0;4.0;4.0;0.0;0.0;0.0;0.0;0.0;0.0;0.0;0.0;0.0;0.0;0.0;0.0;0.0;0.0;0.0;0.0;2.0;2.0;0.0;0.0;1.0;0.0;0.0;0.0;0.0;5.0;0.0;0.0;3.0;3.0;2.0;2.0;0.0;2.0;0.0;0.0
5832;2.0;1;0.0;4;10;3;3.0;3.4237288135593222;5.0;4.0;5.0;5.0;3.0;3.0;2.0;3.0;4.0;3.0;4.0;5.0;5.0;3.0;3.0;2.0;5.0;5.0;5.0;5.0;5.0;5.0;4.0;2.0;4.0;3.0;3.0;4.0;3.0;3.0;2.0;3.0;3.0;2.0;3.0;4.0;5.0;3.0;3.0;4.0;4.0;2.0;3.0;2.0;3.0;5.0;4.0;2.0;4.0;3.0;3.0;2.0;3.0;3.0;4.0;5.0
5834;4.0;1;0.0;6;17;2;6.0;2.912280701754386;4.0;4.0;4.0;3.0;2.0;3.0;4.0;2.0;4.0;5.0;4.0;4.0;5.0;2.0;2.0;1.0;4.0;3.0;4.0;5.0;4.0;4.0;3.0;4.0;3.0;3.0;2.0;3.0;3.0;2.0;3.0;4.0;2.0;2.0;0.0;3.0;3.0;3.0;3.0;0.0;2.0;2.0;3.0;2.0;2.0;5.0;4.0;2.0;3.0;3.0;2.0;3.0;0.0;2.0;3.0;0.0
5835;3.0;1;0.0;0;1;0;1.0;2.6666666666666665;0.0;0.0;0.0;0.0;0.0;0.0;0.0;0.0;0.0;0.0;0.0;0.0;3.0;0.0;0.0;0.0;4.0;0.0;0.0;0.0;0.0;0.0;0.0;0.0;0.0;0.0;0.0;0.0;0.0;0.0;0.0;0.0;0.0;0.0;0.0;0.0;0.0;0.0;0.0;0.0;0.0;0.0;0.0;0.0;0.0;0.0;0.0;0.0;1.0;0.0;0.0;0.0;0.0;0.0;0.0;0.0
5871;3.0;2;0.0;1;0;0;1.0;2.8333333333333335;4.0;3.0;4.0;2.0;0.0;0.0;0.0;0.0;0.0;0.0;3.0;0.0;2.0;0.0;0.0;0.0;4.0;4.0;0.0;0.0;0.0;0.0;0.0;0.0;0.0;0.0;0.0;0.0;0.0;0.0;0.0;0.0;0.0;0.0;0.0;0.0;2.0;2.0;0.0;0.0;0.0;0.0;0.0;0.0;0.0;0.0;0.0;0.0;3.0;0.0;0.0;0.0;0.0;0.0;0.0;0.0
5872;4.0;1;0.0;3;4;1;1.0;3.980769230769231;5.0;4.0;5.0;3.0;4.0;3.0;2.0;4.0;3.0;5.0;4.0;4.0;5.0;2.0;4.0;3.0;5.0;5.0;5.0;5.0;5.0;5.0;5.0;3.0;4.0;4.0;5.0;5.0;4.0;4.0;0.0;0.0;4.0;2.0;0.0;4.0;4.0;4.0;5.0;4.0;4.0;0.0;0.0;4.0;5.0;5.0;4.0;4.0;4.0;3.0;4.0;4.0;5.0;3.0;2.0;4.0
5877;3.0;2;0.0;1;2;1;2.0;3.75;4.0;4.0;3.0;4.0;0.0;0.0;0.0;0.0;0.0;0.0;3.0;3.0;5.0;0.0;0.0;0.0;5.0;4.0;5.0;4.0;0.0;0.0;4.0;0.0;0.0;0.0;0.0;0.0;0.0;0.0;0.0;0.0;0.0;0.0;0.0;0.0;5.0;4.0;5.0;0.0;0.0;0.0;0.0;0.0;0.0;5.0;0.0;0.0;4.0;0.0;0.0;0.0;0.0;2.0;0.0;0.0
5878;2.0;1;0.0;5;2;0;0.0;3.75;5.0;4.0;4.0;3.0;2.0;2.0;4.0;3.0;5.0;5.0;4.0;4.0;5.0;2.0;5.0;4.0;5.0;5.0;5.0;5.0;5.0;5.0;4.0;2.0;4.0;5.0;5.0;4.0;5.0;4.0;3.0;4.0;2.0;2.0;3.0;4.0;2.0;4.0;3.0;5.0;3.0;2.0;3.0;3.0;2.0;5.0;5.0;2.0;4.0;3.0;4.0;3.0;4.0;3.0;3.0;5.0
5881;2.0;1;0.0;5;2;0;4.0;3.566666666666667;4.0;5.0;5.0;3.0;3.0;4.0;3.0;2.0;4.0;5.0;5.0;4.0;5.0;3.0;3.0;3.0;4.0;4.0;5.0;5.0;5.0;5.0;5.0;3.0;5.0;4.0;4.0;5.0;3.0;4.0;3.0;2.0;2.0;2.0;3.0;4.0;3.0;3.0;3.0;5.0;3.0;2.0;2.0;4.0;3.0;5.0;5.0;4.0;4.0;3.0;3.0;4.0;4.0;3.0;5.0;4.0
5882;2.0;1;0.0;6;24;2;7.0;2.84375;4.0;4.0;2.0;3.0;2.0;2.0;2.0;3.0;4.0;5.0;4.0;3.0;5.0;2.0;2.0;2.0;3.0;3.0;4.0;4.0;5.0;5.0;3.0;2.0;3.0;2.0;2.0;3.0;3.0;3.0;2.0;4.0;4.0;2.0;5.0;4.0;3.0;4.0;2.0;3.0;3.0;2.0;4.0;2.0;2.0;5.0;4.0;2.0;3.0;2.0;2.0;2.0;3.0;2.0;3.0;3.0
5887;4.0;1;0.0;5;7;0;10.0;2.63265306122449;4.0;3.0;4.0;2.0;2.0;2.0;0.0;0.0;0.0;0.0;3.0;3.0;5.0;0.0;0.0;0.0;4.0;4.0;4.0;5.0;5.0;5.0;3.0;2.0;2.0;3.0;3.0;3.0;0.0;2.0;0.0;0.0;0.0;0.0;0.0;3.0;2.0;2.0;3.0;3.0;3.0;0.0;0.0;4.0;0.0;5.0;3.0;0.0;3.0;2.0;2.0;2.0;2.0;2.0;2.0;3.0
5890;2.0;2;0.0;7;7;1;11.0;3.0597014925373136;3.0;4.0;4.0;3.0;2.0;2.0;3.0;3.0;4.0;2.0;4.0;4.0;5.0;3.0;2.0;3.0;4.0;5.0;4.0;4.0;5.0;5.0;4.0;4.0;4.0;4.0;3.0;3.0;3.0;3.0;2.0;3.0;4.0;3.0;3.0;4.0;5.0;4.0;3.0;4.0;5.0;2.0;2.0;2.0;4.0;5.0;5.0;3.0;5.0;3.0;2.0;4.0;2.0;2.0;3.0;4.0
5892;3.0;1;0.0;4;7;1;2.0;3.088888888888889;4.0;3.0;4.0;2.0;2.0;2.0;3.0;2.0;0.0;0.0;4.0;2.0;4.0;3.0;0.0;0.0;5.0;4.0;5.0;5.0;5.0;5.0;3.0;3.0;3.0;3.0;4.0;0.0;0.0;3.0;0.0;0.0;0.0;0.0;0.0;4.0;2.0;3.0;2.0;4.0;2.0;0.0;0.0;2.0;3.0;5.0;4.0;2.0;3.0;2.0;2.0;2.0;4.0;2.0;3.0;3.0
5893;2.0;1;0.0;4;5;3;5.0;3.4918032786885247;4.0;3.0;4.0;4.0;4.0;3.0;2.0;3.0;4.0;4.0;4.0;5.0;5.0;4.0;5.0;3.0;5.0;5.0;5.0;5.0;4.0;5.0;5.0;2.0;5.0;5.0;3.0;5.0;4.0;3.0;3.0;3.0;3.0;2.0;2.0;4.0;4.0;4.0;4.0;3.0;4.0;2.0;3.0;3.0;4.0;5.0;4.0;2.0;4.0;3.0;4.0;2.0;2.0;3.0;4.0;5.0
5894;2.0;1;0.0;4;6;0;4.0;3.3833333333333333;3.0;4.0;3.0;4.0;3.0;2.0;2.0;3.0;5.0;4.0;4.0;5.0;5.0;3.0;4.0;3.0;5.0;4.0;5.0;5.0;5.0;5.0;4.0;2.0;5.0;4.0;4.0;4.0;4.0;3.0;2.0;2.0;3.0;5.0;3.0;4.0;4.0;3.0;4.0;4.0;3.0;2.0;2.0;3.0;3.0;5.0;4.0;2.0;4.0;3.0;2.0;2.0;2.0;3.0;4.0;5.0
5897;3.0;2;0.0;2;2;0;5.0;3.0434782608695654;4.0;3.0;2.0;3.0;0.0;0.0;0.0;0.0;0.0;0.0;5.0;5.0;3.0;0.0;0.0;0.0;5.0;4.0;4.0;5.0;5.0;0.0;0.0;0.0;0.0;0.0;0.0;0.0;0.0;0.0;0.0;0.0;0.0;0.0;0.0;0.0;1.0;0.0;0.0;0.0;2.0;0.0;0.0;0.0;0.0;5.0;3.0;0.0;3.0;2.0;0.0;0.0;0.0;2.0;0.0;0.0
5899;3.0;2;0.0;3;5;0;9.0;3.0444444444444443;3.0;4.0;4.0;3.0;3.0;1.0;0.0;0.0;0.0;0.0;3.0;3.0;3.0;0.0;0.0;0.0;5.0;4.0;4.0;5.0;5.0;5.0;5.0;3.0;3.0;3.0;0.0;0.0;0.0;2.0;0.0;0.0;0.0;0.0;0.0;5.0;3.0;3.0;4.0;4.0;3.0;0.0;0.0;2.0;0.0;5.0;5.0;3.0;4.0;3.0;2.0;3.0;0.0;2.0;2.0;5.0
5900;2.0;1;0.0;4;1;0;2.0;3.6206896551724137;4.0;4.0;4.0;5.0;2.0;3.0;2.0;3.0;5.0;5.0;4.0;4.0;4.0;3.0;5.0;3.0;5.0;4.0;4.0;5.0;5.0;5.0;5.0;2.0;3.0;5.0;3.0;4.0;5.0;3.0;3.0;3.0;3.0;3.0;4.0;5.0;4.0;3.0;5.0;4.0;3.0;2.0;2.0;2.0;3.0;5.0;4.0;3.0;4.0;3.0;4.0;3.0;4.0;3.0;3.0;5.0
5901;2.0;1;0.0;3;2;0;2.0;3.896551724137931;4.0;5.0;4.0;4.0;3.0;3.0;2.0;3.0;5.0;5.0;5.0;5.0;5.0;3.0;4.0;4.0;5.0;4.0;5.0;5.0;5.0;5.0;5.0;2.0;5.0;3.0;4.0;5.0;4.0;3.0;3.0;3.0;3.0;3.0;3.0;4.0;5.0;4.0;5.0;5.0;3.0;3.0;3.0;5.0;4.0;5.0;5.0;3.0;4.0;3.0;5.0;4.0;3.0;3.0;4.0;5.0
5903;2.0;2;0.0;5;8;0;6.0;3.306451612903226;3.0;4.0;2.0;4.0;2.0;2.0;3.0;2.0;4.0;4.0;4.0;4.0;5.0;3.0;4.0;3.0;4.0;4.0;5.0;5.0;5.0;5.0;5.0;2.0;3.0;4.0;4.0;4.0;4.0;2.0;4.0;3.0;2.0;3.0;4.0;4.0;5.0;3.0;4.0;4.0;4.0;2.0;3.0;2.0;2.0;5.0;5.0;3.0;4.0;4.0;5.0;2.0;3.0;2.0;3.0;5.0
5905;2.0;1;0.0;3;4;3;2.0;3.4482758620689653;4.0;4.0;4.0;5.0;2.0;4.0;3.0;3.0;4.0;5.0;5.0;4.0;5.0;3.0;3.0;2.0;5.0;5.0;5.0;5.0;4.0;5.0;4.0;2.0;4.0;3.0;4.0;4.0;4.0;3.0;2.0;2.0;2.0;2.0;2.0;4.0;4.0;4.0;3.0;4.0;4.0;2.0;3.0;2.0;2.0;3.0;4.0;3.0;4.0;3.0;4.0;3.0;2.0;4.0;4.0;5.0
5906;3.0;1;0.0;1;0;0;4.0;2.8333333333333335;3.0;0.0;3.0;1.0;0.0;0.0;0.0;0.0;0.0;0.0;4.0;0.0;3.0;0.0;0.0;0.0;5.0;5.0;4.0;0.0;0.0;0.0;0.0;0.0;0.0;0.0;0.0;0.0;0.0;0.0;0.0;0.0;0.0;0.0;0.0;0.0;1.0;0.0;0.0;0.0;0.0;0.0;0.0;0.0;0.0;0.0;0.0;0.0;3.0;0.0;0.0;0.0;0.0;0.0;0.0;0.0
5921;4.0;2;0.0;5;19;2;18.0;2.3636363636363638;4.0;4.0;3.0;1.0;2.0;2.0;2.0;0.0;0.0;0.0;1.0;0.0;4.0;0.0;0.0;0.0;3.0;3.0;5.0;5.0;5.0;5.0;0.0;2.0;2.0;3.0;0.0;0.0;0.0;2.0;0.0;0.0;0.0;0.0;0.0;0.0;2.0;5.0;0.0;0.0;2.0;0.0;0.0;1.0;0.0;5.0;4.0;0.0;3.0;2.0;0.0;0.0;0.0;2.0;1.0;5.0
5943;4.0;1;0.0;5;14;0;2.0;3.5681818181818183;4.0;4.0;4.0;3.0;2.0;2.0;2.0;3.0;0.0;0.0;4.0;3.0;3.0;3.0;0.0;0.0;5.0;5.0;5.0;5.0;5.0;5.0;4.0;4.0;4.0;3.0;3.0;4.0;3.0;5.0;0.0;0.0;0.0;0.0;0.0;4.0;4.0;4.0;4.0;4.0;4.0;0.0;0.0;4.0;3.0;3.0;5.0;0.0;3.0;3.0;2.0;0.0;0.0;4.0;3.0;4.0
5948;2.0;1;0.0;4;3;0;1.0;3.807017543859649;3.0;5.0;3.0;5.0;3.0;3.0;4.0;4.0;4.0;4.0;4.0;5.0;5.0;3.0;5.0;5.0;5.0;5.0;5.0;5.0;5.0;5.0;3.0;3.0;5.0;4.0;5.0;4.0;4.0;3.0;2.0;3.0;3.0;2.0;3.0;4.0;4.0;4.0;3.0;5.0;3.0;2.0;3.0;4.0;4.0;5.0;5.0;2.0;3.0;5.0;4.0;5.0;3.0;3.0;2.0;4.0
5949;4.0;2;0.0;5;6;5;4.0;4.083333333333333;4.0;5.0;5.0;5.0;2.0;3.0;3.0;1.0;0.0;0.0;4.0;5.0;5.0;4.0;0.0;0.0;5.0;5.0;5.0;5.0;5.0;5.0;5.0;2.0;5.0;3.0;5.0;4.0;3.0;5.0;0.0;0.0;0.0;0.0;0.0;5.0;5.0;5.0;5.0;5.0;4.0;0.0;0.0;4.0;3.0;4.0;5.0;5.0;5.0;4.0;5.0;5.0;4.0;3.0;4.0;5.0
5950;3.0;1;0.0;0;3;0;1.0;2.5;0.0;0.0;1.0;0.0;0.0;0.0;0.0;0.0;0.0;0.0;0.0;0.0;4.0;0.0;0.0;0.0;0.0;0.0;0.0;0.0;0.0;0.0;0.0;0.0;0.0;0.0;0.0;0.0;0.0;0.0;0.0;0.0;0.0;0.0;0.0;0.0;0.0;0.0;0.0;0.0;0.0;0.0;0.0;0.0;0.0;0.0;0.0;0.0;0.0;0.0;0.0;0.0;0.0;0.0;0.0;0.0
5951;2.0;1;0.0;4;9;1;3.0;3.4745762711864407;4.0;4.0;3.0;4.0;2.0;2.0;2.0;2.0;4.0;2.0;4.0;4.0;4.0;2.0;4.0;3.0;5.0;4.0;5.0;5.0;5.0;5.0;4.0;3.0;4.0;3.0;4.0;4.0;2.0;3.0;4.0;4.0;3.0;2.0;5.0;5.0;5.0;5.0;5.0;5.0;3.0;2.0;4.0;4.0;3.0;4.0;4.0;2.0;3.0;4.0;3.0;4.0;3.0;2.0;3.0;5.0
5952;2.0;1;0.0;5;4;2;4.0;3.55;4.0;4.0;4.0;3.0;2.0;2.0;2.0;3.0;4.0;3.0;5.0;4.0;4.0;3.0;4.0;3.0;5.0;5.0;5.0;5.0;5.0;5.0;3.0;2.0;4.0;4.0;4.0;5.0;3.0;4.0;4.0;2.0;3.0;3.0;4.0;5.0;4.0;4.0;4.0;5.0;2.0;2.0;4.0;4.0;5.0;5.0;5.0;3.0;4.0;4.0;3.0;4.0;3.0;2.0;3.0;5.0
5954;3.0;1;0.0;4;2;0;0.0;3.8421052631578947;4.0;4.0;4.0;0.0;4.0;0.0;0.0;0.0;0.0;0.0;4.0;0.0;4.0;0.0;0.0;0.0;5.0;5.0;4.0;4.0;0.0;0.0;2.0;4.0;0.0;0.0;0.0;0.0;0.0;4.0;0.0;0.0;0.0;0.0;0.0;0.0;4.0;3.0;0.0;0.0;4.0;0.0;0.0;0.0;0.0;3.0;0.0;0.0;4.0;0.0;0.0;0.0;0.0;3.0;0.0;0.0
5958;2.0;1;0.0;4;5;1;1.0;3.8771929824561404;4.0;5.0;4.0;5.0;3.0;3.0;3.0;4.0;4.0;4.0;4.0;4.0;4.0;3.0;5.0;4.0;5.0;5.0;5.0;5.0;5.0;5.0;4.0;2.0;5.0;4.0;3.0;5.0;3.0;3.0;3.0;5.0;4.0;2.0;4.0;4.0;3.0;3.0;4.0;5.0;4.0;4.0;4.0;4.0;4.0;5.0;4.0;3.0;3.0;5.0;4.0;3.0;3.0;3.0;4.0;4.0
5961;2.0;1;0.0;3;7;2;0.0;4.232142857142857;4.0;5.0;3.0;5.0;4.0;3.0;2.0;3.0;5.0;5.0;4.0;4.0;5.0;3.0;5.0;5.0;4.0;5.0;5.0;5.0;5.0;5.0;5.0;4.0;5.0;4.0;4.0;5.0;4.0;5.0;3.0;3.0;3.0;4.0;5.0;5.0;4.0;5.0;5.0;4.0;5.0;2.0;4.0;4.0;5.0;5.0;5.0;3.0;3.0;4.0;4.0;4.0;3.0;5.0;5.0;5.0
5963;2.0;2;0.0;3;3;4;0.0;4.464285714285714;4.0;5.0;5.0;5.0;3.0;3.0;4.0;4.0;5.0;5.0;5.0;5.0;5.0;4.0;5.0;5.0;5.0;5.0;5.0;5.0;5.0;5.0;5.0;3.0;5.0;5.0;4.0;5.0;4.0;5.0;3.0;3.0;4.0;3.0;5.0;5.0;5.0;5.0;5.0;5.0;5.0;3.0;2.0;5.0;3.0;5.0;5.0;5.0;5.0;5.0;3.0;5.0;5.0;4.0;4.0;5.0
5964;2.0;2;0.0;5;6;1;3.0;3.711864406779661;4.0;4.0;5.0;4.0;2.0;2.0;4.0;4.0;4.0;3.0;4.0;5.0;5.0;3.0;3.0;3.0;5.0;5.0;5.0;5.0;5.0;5.0;5.0;4.0;4.0;3.0;4.0;4.0;3.0;3.0;3.0;4.0;3.0;2.0;3.0;5.0;4.0;3.0;4.0;5.0;4.0;3.0;3.0;3.0;5.0;4.0;5.0;5.0;4.0;4.0;3.0;4.0;3.0;3.0;3.0;5.0
5978;3.0;1;0.0;1;2;1;6.0;2.6818181818181817;4.0;2.0;4.0;3.0;1.0;0.0;0.0;0.0;0.0;0.0;4.0;3.0;2.0;0.0;0.0;0.0;5.0;5.0;5.0;0.0;0.0;0.0;2.0;0.0;0.0;0.0;0.0;0.0;0.0;0.0;0.0;0.0;0.0;0.0;0.0;0.0;2.0;2.0;0.0;0.0;1.0;0.0;0.0;0.0;0.0;3.0;0.0;0.0;4.0;1.0;0.0;0.0;0.0;3.0;1.0;0.0
5980;3.0;2;0.0;1;2;0;0.0;4.0;4.0;4.0;4.0;3.0;0.0;0.0;0.0;0.0;0.0;0.0;4.0;0.0;5.0;0.0;0.0;0.0;5.0;5.0;0.0;0.0;0.0;0.0;0.0;0.0;0.0;0.0;0.0;0.0;0.0;0.0;0.0;0.0;0.0;0.0;0.0;0.0;3.0;4.0;0.0;0.0;0.0;0.0;0.0;0.0;0.0;0.0;0.0;0.0;4.0;0.0;0.0;0.0;0.0;3.0;0.0;0.0
5986;3.0;2;0.0;0;4;0;3.0;2.125;4.0;0.0;1.0;0.0;0.0;0.0;0.0;0.0;0.0;0.0;0.0;0.0;3.0;0.0;0.0;0.0;3.0;0.0;0.0;0.0;0.0;0.0;0.0;0.0;0.0;0.0;0.0;0.0;0.0;0.0;0.0;0.0;0.0;0.0;0.0;0.0;2.0;0.0;0.0;0.0;0.0;0.0;0.0;0.0;0.0;0.0;0.0;0.0;1.0;0.0;0.0;0.0;0.0;2.0;0.0;0.0
5987;3.0;1;0.0;1;0;0;1.0;2.8333333333333335;4.0;0.0;2.0;2.0;0.0;0.0;0.0;0.0;0.0;0.0;4.0;0.0;2.0;0.0;0.0;0.0;5.0;4.0;0.0;0.0;0.0;0.0;0.0;0.0;0.0;0.0;0.0;0.0;0.0;0.0;0.0;0.0;0.0;0.0;0.0;0.0;3.0;1.0;0.0;0.0;0.0;0.0;0.0;0.0;0.0;0.0;0.0;0.0;3.0;0.0;0.0;0.0;0.0;2.0;2.0;0.0
6001;3.0;1;0.0;0;0;0;0.0;4.5;0.0;0.0;4.0;0.0;0.0;0.0;0.0;0.0;0.0;0.0;0.0;0.0;0.0;0.0;0.0;0.0;5.0;0.0;0.0;0.0;0.0;0.0;0.0;0.0;0.0;0.0;0.0;0.0;0.0;0.0;0.0;0.0;0.0;0.0;0.0;0.0;0.0;0.0;0.0;0.0;0.0;0.0;0.0;0.0;0.0;0.0;0.0;0.0;0.0;0.0;0.0;0.0;0.0;0.0;0.0;0.0
6003;3.0;1;0.0;2;2;1;4.0;2.9310344827586206;4.0;4.0;3.0;3.0;3.0;1.0;0.0;0.0;0.0;0.0;4.0;4.0;3.0;0.0;0.0;0.0;5.0;5.0;5.0;5.0;0.0;0.0;3.0;2.0;2.0;0.0;0.0;0.0;0.0;3.0;0.0;0.0;0.0;0.0;0.0;3.0;2.0;2.0;3.0;0.0;1.0;0.0;0.0;0.0;0.0;4.0;0.0;0.0;3.0;2.0;0.0;0.0;0.0;2.0;2.0;0.0
6017;3.0;1;0.0;3;2;0;4.0;3.1363636363636362;4.0;2.0;3.0;3.0;3.0;2.0;2.0;1.0;0.0;0.0;4.0;3.0;5.0;3.0;0.0;0.0;5.0;5.0;4.0;5.0;5.0;5.0;4.0;3.0;2.0;4.0;4.0;0.0;0.0;4.0;0.0;0.0;0.0;0.0;0.0;4.0;2.0;3.0;4.0;4.0;0.0;0.0;0.0;2.0;1.0;3.0;3.0;2.0;3.0;3.0;2.0;3.0;3.0;2.0;3.0;4.0
6020;3.0;1;0.0;2;4;0;4.0;2.6875;4.0;3.0;3.0;2.0;0.0;0.0;0.0;0.0;0.0;0.0;0.0;0.0;2.0;0.0;0.0;0.0;3.0;5.0;4.0;5.0;0.0;0.0;0.0;1.0;0.0;0.0;0.0;0.0;0.0;0.0;0.0;0.0;0.0;0.0;0.0;0.0;2.0;0.0;0.0;0.0;0.0;0.0;0.0;0.0;0.0;3.0;0.0;0.0;3.0;0.0;0.0;0.0;0.0;0.0;0.0;0.0
6023;3.0;1;0.0;1;2;0;6.0;2.235294117647059;4.0;3.0;2.0;2.0;1.0;0.0;0.0;0.0;0.0;0.0;1.0;0.0;3.0;0.0;0.0;0.0;4.0;4.0;0.0;0.0;0.0;0.0;0.0;0.0;0.0;0.0;0.0;0.0;0.0;0.0;0.0;0.0;0.0;0.0;0.0;0.0;2.0;1.0;0.0;0.0;0.0;0.0;0.0;0.0;0.0;3.0;0.0;0.0;3.0;2.0;0.0;0.0;0.0;1.0;0.0;0.0
6071;3.0;2;0.0;2;8;0;1.0;3.933333333333333;4.0;2.0;5.0;0.0;0.0;0.0;0.0;0.0;0.0;0.0;0.0;0.0;0.0;0.0;0.0;0.0;5.0;5.0;5.0;5.0;0.0;0.0;3.0;0.0;0.0;0.0;0.0;0.0;0.0;0.0;0.0;0.0;0.0;0.0;0.0;0.0;4.0;5.0;4.0;0.0;0.0;0.0;0.0;0.0;0.0;5.0;0.0;0.0;4.0;0.0;0.0;0.0;0.0;2.0;0.0;0.0
6087;3.0;2;0.0;1;4;0;0.0;3.6;4.0;4.0;3.0;4.0;0.0;0.0;0.0;0.0;0.0;0.0;4.0;0.0;3.0;0.0;0.0;0.0;5.0;5.0;5.0;0.0;0.0;0.0;3.0;0.0;0.0;0.0;0.0;0.0;0.0;0.0;0.0;0.0;0.0;0.0;0.0;0.0;3.0;3.0;0.0;0.0;0.0;0.0;0.0;0.0;0.0;4.0;0.0;0.0;2.0;2.0;0.0;0.0;0.0;0.0;0.0;0.0
6099;3.0;1;0.0;1;2;0;1.0;2.888888888888889;4.0;0.0;3.0;0.0;0.0;0.0;0.0;0.0;0.0;0.0;0.0;0.0;0.0;0.0;0.0;0.0;4.0;3.0;5.0;0.0;0.0;0.0;1.0;0.0;0.0;0.0;0.0;0.0;0.0;0.0;0.0;0.0;0.0;0.0;0.0;0.0;2.0;2.0;0.0;0.0;0.0;0.0;0.0;0.0;0.0;0.0;0.0;0.0;2.0;0.0;0.0;0.0;0.0;0.0;0.0;0.0
6113;3.0;2;0.0;0;0;0;2.0;2.75;0.0;0.0;4.0;0.0;1.0;0.0;0.0;0.0;0.0;0.0;0.0;0.0;2.0;0.0;0.0;0.0;5.0;0.0;0.0;0.0;0.0;0.0;0.0;0.0;0.0;0.0;0.0;0.0;0.0;1.0;0.0;0.0;0.0;0.0;0.0;0.0;3.0;0.0;0.0;0.0;0.0;0.0;0.0;0.0;0.0;0.0;0.0;0.0;4.0;0.0;0.0;0.0;0.0;2.0;0.0;0.0
6119;3.0;2;0.0;0;1;0;0.0;4.25;0.0;0.0;4.0;0.0;0.0;0.0;0.0;0.0;0.0;0.0;0.0;0.0;0.0;0.0;0.0;0.0;4.0;0.0;0.0;0.0;0.0;0.0;0.0;0.0;0.0;0.0;0.0;0.0;0.0;0.0;0.0;0.0;0.0;0.0;0.0;0.0;5.0;0.0;0.0;0.0;0.0;0.0;0.0;0.0;0.0;0.0;0.0;0.0;4.0;0.0;0.0;0.0;0.0;0.0;0.0;0.0
6120;3.0;1;0.0;2;4;0;5.0;3.3;4.0;4.0;5.0;4.0;3.0;1.0;0.0;0.0;0.0;0.0;5.0;4.0;3.0;0.0;0.0;0.0;4.0;5.0;5.0;5.0;0.0;0.0;3.0;1.0;0.0;0.0;0.0;0.0;0.0;2.0;0.0;0.0;0.0;0.0;0.0;0.0;4.0;5.0;4.0;0.0;3.0;0.0;0.0;0.0;0.0;4.0;0.0;3.0;3.0;4.0;3.0;0.0;0.0;2.0;3.0;0.0
6145;3.0;1;0.0;1;0;0;2.0;2.857142857142857;4.0;0.0;2.0;0.0;0.0;0.0;0.0;0.0;0.0;0.0;0.0;0.0;0.0;0.0;0.0;0.0;5.0;0.0;0.0;0.0;0.0;0.0;1.0;0.0;0.0;0.0;0.0;0.0;0.0;0.0;0.0;0.0;0.0;0.0;0.0;0.0;3.0;0.0;0.0;0.0;0.0;0.0;0.0;0.0;0.0;0.0;0.0;0.0;4.0;0.0;0.0;0.0;0.0;0.0;0.0;0.0
6165;3.0;1;0.0;0;1;0;3.0;3.0;4.0;4.0;1.0;0.0;0.0;0.0;0.0;0.0;0.0;0.0;0.0;0.0;0.0;0.0;0.0;0.0;5.0;5.0;0.0;0.0;0.0;0.0;0.0;0.0;0.0;0.0;0.0;0.0;0.0;0.0;0.0;0.0;0.0;0.0;0.0;0.0;2.0;4.0;0.0;0.0;0.0;0.0;0.0;0.0;0.0;0.0;0.0;0.0;3.0;0.0;0.0;0.0;0.0;1.0;0.0;0.0
6180;3.0;1;0.0;2;3;1;1.0;3.8636363636363638;4.0;5.0;3.0;3.0;4.0;0.0;0.0;0.0;0.0;0.0;0.0;0.0;3.0;0.0;0.0;0.0;5.0;5.0;5.0;5.0;0.0;0.0;0.0;4.0;5.0;0.0;0.0;0.0;0.0;5.0;0.0;0.0;0.0;0.0;0.0;0.0;4.0;5.0;3.0;0.0;2.0;0.0;0.0;0.0;0.0;4.0;0.0;0.0;4.0;2.0;0.0;0.0;0.0;4.0;0.0;0.0
6217;3.0;1;0.0;0;2;0;0.0;2.75;0.0;0.0;2.0;0.0;0.0;0.0;0.0;0.0;0.0;0.0;0.0;0.0;0.0;0.0;0.0;0.0;3.0;0.0;0.0;0.0;0.0;0.0;0.0;0.0;0.0;0.0;0.0;0.0;0.0;0.0;0.0;0.0;0.0;0.0;0.0;0.0;3.0;0.0;0.0;0.0;0.0;0.0;0.0;0.0;0.0;0.0;0.0;0.0;3.0;0.0;0.0;0.0;0.0;0.0;0.0;0.0
6269;3.0;1;0.0;0;0;0;1.0;2.8;0.0;0.0;3.0;0.0;0.0;0.0;0.0;0.0;0.0;0.0;0.0;0.0;0.0;0.0;0.0;0.0;5.0;0.0;0.0;0.0;0.0;0.0;0.0;0.0;0.0;0.0;0.0;0.0;0.0;0.0;0.0;0.0;0.0;0.0;0.0;0.0;2.0;0.0;0.0;0.0;0.0;0.0;0.0;0.0;0.0;0.0;0.0;0.0;3.0;0.0;0.0;0.0;0.0;0.0;0.0;0.0
6271;3.0;2;0.0;0;0;0;1.0;2.8;0.0;0.0;3.0;0.0;0.0;0.0;0.0;0.0;0.0;0.0;0.0;0.0;0.0;0.0;0.0;0.0;4.0;0.0;0.0;0.0;0.0;0.0;0.0;0.0;0.0;0.0;0.0;0.0;0.0;0.0;0.0;0.0;0.0;0.0;0.0;0.0;3.0;0.0;0.0;0.0;0.0;0.0;0.0;0.0;0.0;0.0;0.0;0.0;3.0;0.0;0.0;0.0;0.0;0.0;0.0;0.0
6310;3.0;1;0.0;1;0;0;1.0;3.625;0.0;0.0;4.0;0.0;0.0;0.0;0.0;0.0;0.0;0.0;0.0;0.0;3.0;0.0;0.0;0.0;5.0;0.0;0.0;0.0;0.0;0.0;0.0;4.0;0.0;0.0;0.0;0.0;0.0;4.0;0.0;0.0;0.0;0.0;0.0;0.0;4.0;0.0;0.0;0.0;0.0;0.0;0.0;0.0;0.0;0.0;0.0;0.0;4.0;0.0;0.0;0.0;0.0;1.0;0.0;0.0
6347;3.0;2;0.0;1;0;0;2.0;2.888888888888889;0.0;0.0;4.0;0.0;0.0;0.0;0.0;0.0;0.0;0.0;0.0;0.0;3.0;0.0;0.0;0.0;3.0;0.0;0.0;0.0;0.0;0.0;0.0;3.0;0.0;0.0;0.0;0.0;0.0;4.0;0.0;0.0;0.0;0.0;0.0;0.0;4.0;0.0;0.0;0.0;0.0;0.0;0.0;0.0;0.0;0.0;0.0;0.0;3.0;0.0;0.0;0.0;0.0;1.0;0.0;0.0
6377;3.0;1;0.0;1;0;1;0.0;3.923076923076923;5.0;0.0;4.0;3.0;0.0;0.0;0.0;0.0;0.0;0.0;4.0;0.0;3.0;0.0;0.0;0.0;4.0;5.0;0.0;0.0;0.0;0.0;0.0;2.0;5.0;0.0;0.0;0.0;0.0;4.0;0.0;0.0;0.0;0.0;0.0;0.0;5.0;5.0;0.0;0.0;0.0;0.0;0.0;0.0;0.0;0.0;0.0;0.0;0.0;0.0;0.0;0.0;0.0;2.0;0.0;0.0
6458;3.0;1;0.0;0;0;0;2.0;3.7;5.0;2.0;5.0;5.0;2.0;2.0;0.0;0.0;0.0;0.0;4.0;0.0;4.0;0.0;0.0;0.0;5.0;5.0;0.0;0.0;0.0;0.0;0.0;3.0;4.0;0.0;0.0;0.0;0.0;4.0;0.0;0.0;0.0;0.0;0.0;0.0;5.0;5.0;0.0;0.0;0.0;0.0;0.0;0.0;0.0;0.0;0.0;0.0;5.0;0.0;0.0;0.0;0.0;4.0;3.0;0.0
