IDAlumno;Estado;Sexo;Estado_Carrera;TiempoEstudio;Ausencias;CincoF;aplazos;Promedio;ADMINISTRACION Y MERCADOTECNIA;ALGEBRA  II;ALGEBRA I;AUTOMATIZACION INDUSTRIAL;CIRCUITOS ELECTRICOS I;CIRCUITOS ELECTRICOS II;COMPUTACION II;COMPUTACION I;CONVERSION DE ENERGIA ELECTRICA  II;CONVERSION DE ENERGIA ELECTRICA I;CALCULO I;CALCULO II;CALCULO III;CALCULO IV;CALCULO V;DISENO ASISTIDO POR COMPUTADORA;DISENO TECNICO;ELECTROTECNIA I;ELECTROTECNIA II;ELECTRONICA DE POTENCIA  II;ELECTRONICA DE POTENCIA I;ELECTRONICA DIGITAL I;ELECTRONICA DIGITAL II;ELECTRONICA I;ELECTRONICA II;EMPRENDEDORISMO;EVENTOS Y DEPORTES  II;EVENTOS Y DEPORTES I;EVENTOS Y DEPORTES III;EVENTOS Y DEPORTES IV;EVENTOS Y DEPORTES V;EVENTOS Y DEPORTES VI;EXPRESION ORAL Y ESCRITA;FISICA II;FISICA IV;FUNDAMENTOS DE CONTROL AUTOMATIZADO I;FUNDAMENTOS DE CONTROL AUTOMATIZADO II;FISICA  V;FISICA I;FISICA III;FISICA VI;GEOMETRIA ANALITICA;IDIOMAS I;INGLES I;INGLES II;INGLES III;INSTALACIONES ELECTRICAS I;INSTALACIONES ELECTRICAS II;INSTALACIONES ELECTRICAS III;LABORATORIO DE IDIOMAS I;MEDICION E INSTRUMENTACION;METODOLOGIA DE LA INVESTIGACION I;PROBABILIDADES Y ESTADISTICAS;PROGRAMACION EN LENGUAJES DE COMPUTADORA;QUIMICA;SEGURIDAD E HIGIENE LABORAL;ETICA PROFESIONAL
5132.0;4.0;1.0;0.0;5.0;3.0;1.0;19.0;2.393939393939394;4.0;3.0;2.0;3.0;2.0;2.0;2.0;2.0;0.0;3.0;3.0;0.0;0.0;0.0;0.0;4.0;2.0;2.0;2.0;3.0;3.0;4.0;2.0;4.0;2.0;4.0;5.0;4.0;5.0;5.0;0.0;0.0;2.0;3.0;5.0;2.0;4.0;0.0;2.0;2.0;0.0;1.0;3.0;4.0;3.0;3.0;4.0;2.0;3.0;3.0;2.0;2.0;2.0;3.0;2.0;3.0;3.0
5133.0;2.0;1.0;0.0;3.0;4.0;0.0;3.0;3.0166666666666666;2.0;3.0;2.0;4.0;2.0;3.0;4.0;3.0;2.0;2.0;3.0;3.0;2.0;4.0;2.0;5.0;3.0;3.0;2.0;3.0;3.0;3.0;3.0;3.0;3.0;4.0;3.0;4.0;5.0;5.0;5.0;5.0;4.0;2.0;4.0;2.0;4.0;2.0;4.0;4.0;2.0;2.0;3.0;3.0;3.0;3.0;2.0;4.0;3.0;2.0;2.0;3.0;3.0;4.0;3.0;4.0;3.0
5134.0;2.0;1.0;0.0;4.0;1.0;0.0;8.0;2.9384615384615387;3.0;2.0;2.0;4.0;2.0;3.0;3.0;3.0;3.0;4.0;2.0;3.0;3.0;3.0;4.0;5.0;2.0;3.0;2.0;3.0;3.0;4.0;2.0;3.0;3.0;4.0;4.0;3.0;5.0;5.0;5.0;5.0;3.0;3.0;4.0;3.0;4.0;4.0;3.0;4.0;5.0;3.0;4.0;3.0;2.0;3.0;3.0;2.0;3.0;3.0;3.0;2.0;2.0;3.0;2.0;4.0;3.0
5136.0;2.0;1.0;0.0;4.0;5.0;1.0;21.0;2.358974358974359;3.0;2.0;3.0;3.0;2.0;2.0;3.0;3.0;2.0;2.0;2.0;3.0;2.0;3.0;3.0;4.0;2.0;2.0;3.0;2.0;2.0;3.0;2.0;3.0;3.0;4.0;3.0;3.0;5.0;5.0;5.0;5.0;3.0;2.0;3.0;3.0;4.0;3.0;2.0;3.0;2.0;2.0;3.0;2.0;2.0;3.0;2.0;4.0;2.0;4.0;2.0;3.0;2.0;3.0;3.0;4.0;3.0
5137.0;2.0;1.0;0.0;9.0;13.0;0.0;12.0;2.5217391304347827;3.0;2.0;2.0;2.0;2.0;2.0;2.0;2.0;2.0;2.0;3.0;3.0;2.0;2.0;3.0;5.0;3.0;2.0;3.0;4.0;2.0;3.0;2.0;4.0;2.0;3.0;4.0;3.0;5.0;4.0;5.0;5.0;3.0;2.0;2.0;2.0;2.0;2.0;3.0;2.0;3.0;2.0;2.0;3.0;3.0;5.0;2.0;4.0;3.0;4.0;3.0;3.0;2.0;3.0;2.0;4.0;3.0
5139.0;3.0;1.0;0.0;4.0;1.0;2.0;3.0;3.3877551020408165;2.0;1.0;2.0;4.0;3.0;4.0;4.0;2.0;0.0;0.0;0.0;0.0;0.0;0.0;0.0;5.0;4.0;4.0;4.0;2.0;3.0;3.0;2.0;3.0;4.0;4.0;4.0;3.0;5.0;5.0;5.0;5.0;3.0;2.0;3.0;4.0;5.0;0.0;3.0;4.0;0.0;2.0;5.0;4.0;4.0;5.0;5.0;3.0;3.0;3.0;2.0;4.0;3.0;0.0;3.0;4.0;3.0
5140.0;2.0;1.0;0.0;5.0;2.0;2.0;12.0;2.6666666666666665;3.0;2.0;2.0;3.0;2.0;2.0;3.0;3.0;2.0;3.0;2.0;3.0;2.0;2.0;3.0;4.0;2.0;2.0;4.0;3.0;3.0;4.0;2.0;3.0;3.0;5.0;4.0;4.0;5.0;5.0;5.0;5.0;4.0;2.0;3.0;2.0;4.0;3.0;3.0;3.0;2.0;3.0;3.0;4.0;3.0;3.0;3.0;3.0;3.0;2.0;2.0;2.0;3.0;3.0;2.0;3.0;4.0
5141.0;4.0;1.0;0.0;6.0;11.0;0.0;25.0;2.140845070422535;3.0;1.0;2.0;2.0;2.0;2.0;2.0;3.0;0.0;3.0;2.0;2.0;0.0;0.0;0.0;3.0;2.0;2.0;2.0;0.0;2.0;3.0;2.0;3.0;2.0;4.0;3.0;3.0;5.0;5.0;5.0;5.0;2.0;2.0;2.0;3.0;4.0;0.0;4.0;2.0;0.0;2.0;4.0;4.0;2.0;3.0;3.0;0.0;0.0;2.0;0.0;2.0;2.0;2.0;2.0;3.0;3.0
5144.0;3.0;1.0;0.0;0.0;1.0;0.0;3.0;2.5;0.0;0.0;2.0;0.0;0.0;0.0;0.0;4.0;0.0;0.0;0.0;0.0;0.0;0.0;0.0;0.0;3.0;0.0;0.0;0.0;0.0;0.0;0.0;3.0;0.0;0.0;0.0;4.0;0.0;0.0;0.0;0.0;0.0;0.0;0.0;0.0;0.0;0.0;3.0;0.0;0.0;2.0;0.0;3.0;0.0;0.0;0.0;0.0;0.0;0.0;0.0;0.0;0.0;0.0;3.0;0.0;0.0
5145.0;3.0;1.0;0.0;0.0;1.0;0.0;0.0;3.111111111111111;3.0;0.0;0.0;0.0;2.0;0.0;0.0;2.0;0.0;0.0;0.0;0.0;0.0;0.0;0.0;0.0;4.0;3.0;0.0;0.0;0.0;0.0;0.0;4.0;0.0;0.0;0.0;3.0;0.0;0.0;0.0;0.0;0.0;0.0;0.0;0.0;0.0;0.0;4.0;0.0;0.0;0.0;0.0;0.0;0.0;0.0;0.0;0.0;0.0;0.0;0.0;0.0;0.0;0.0;3.0;0.0;0.0
5146.0;2.0;1.0;0.0;4.0;3.0;1.0;8.0;2.923076923076923;2.0;3.0;3.0;3.0;2.0;3.0;3.0;3.0;2.0;2.0;2.0;3.0;3.0;4.0;3.0;5.0;3.0;3.0;2.0;3.0;3.0;4.0;2.0;4.0;4.0;4.0;3.0;4.0;5.0;5.0;5.0;5.0;4.0;2.0;5.0;3.0;4.0;3.0;3.0;3.0;2.0;2.0;3.0;4.0;4.0;3.0;3.0;4.0;3.0;2.0;3.0;2.0;2.0;3.0;3.0;3.0;4.0
5148.0;2.0;1.0;0.0;5.0;9.0;2.0;12.0;2.652173913043478;4.0;2.0;3.0;2.0;2.0;2.0;3.0;3.0;2.0;2.0;2.0;2.0;2.0;2.0;3.0;3.0;2.0;2.0;2.0;3.0;2.0;2.0;2.0;4.0;3.0;3.0;5.0;5.0;5.0;5.0;5.0;5.0;3.0;2.0;3.0;4.0;4.0;2.0;4.0;3.0;2.0;2.0;4.0;4.0;3.0;5.0;3.0;4.0;3.0;2.0;2.0;2.0;2.0;3.0;4.0;3.0;4.0
5149.0;3.0;1.0;0.0;2.0;2.0;0.0;5.0;2.608695652173913;3.0;2.0;3.0;0.0;2.0;0.0;3.0;3.0;0.0;0.0;3.0;3.0;0.0;0.0;0.0;0.0;2.0;2.0;0.0;0.0;0.0;0.0;0.0;4.0;0.0;0.0;4.0;4.0;0.0;0.0;0.0;0.0;0.0;1.0;0.0;0.0;0.0;0.0;3.0;0.0;0.0;3.0;0.0;4.0;4.0;0.0;0.0;0.0;0.0;0.0;0.0;0.0;0.0;0.0;3.0;0.0;0.0
5150.0;2.0;1.0;0.0;6.0;3.0;1.0;6.0;2.984126984126984;4.0;3.0;4.0;3.0;2.0;2.0;3.0;3.0;3.0;3.0;2.0;4.0;2.0;3.0;3.0;4.0;3.0;3.0;3.0;3.0;4.0;3.0;2.0;3.0;4.0;5.0;4.0;4.0;5.0;5.0;5.0;5.0;4.0;2.0;3.0;4.0;3.0;2.0;3.0;3.0;2.0;2.0;4.0;4.0;3.0;5.0;2.0;2.0;3.0;3.0;2.0;3.0;2.0;2.0;3.0;4.0;3.0
5151.0;4.0;1.0;0.0;6.0;8.0;1.0;19.0;2.485294117647059;3.0;2.0;2.0;3.0;2.0;2.0;2.0;2.0;0.0;3.0;2.0;0.0;0.0;0.0;0.0;5.0;3.0;3.0;2.0;0.0;3.0;2.0;2.0;3.0;3.0;4.0;4.0;5.0;5.0;5.0;5.0;5.0;3.0;4.0;4.0;5.0;4.0;0.0;2.0;3.0;0.0;2.0;3.0;2.0;2.0;3.0;3.0;3.0;3.0;2.0;2.0;2.0;2.0;5.0;2.0;4.0;3.0
5152.0;3.0;1.0;0.0;1.0;0.0;0.0;0.0;2.0;0.0;0.0;0.0;0.0;0.0;0.0;0.0;0.0;0.0;0.0;0.0;0.0;0.0;0.0;0.0;0.0;0.0;0.0;0.0;0.0;0.0;0.0;0.0;0.0;0.0;0.0;0.0;0.0;0.0;0.0;0.0;0.0;0.0;0.0;0.0;0.0;0.0;0.0;2.0;0.0;0.0;0.0;0.0;0.0;0.0;0.0;0.0;0.0;0.0;0.0;0.0;0.0;0.0;0.0;0.0;0.0;0.0
5153.0;3.0;1.0;0.0;3.0;3.0;1.0;9.0;2.4375;4.0;1.0;2.0;0.0;1.0;0.0;2.0;3.0;0.0;0.0;0.0;0.0;0.0;0.0;0.0;3.0;3.0;2.0;0.0;0.0;0.0;0.0;0.0;3.0;2.0;3.0;5.0;4.0;5.0;5.0;0.0;0.0;2.0;3.0;0.0;0.0;0.0;0.0;3.0;0.0;0.0;0.0;0.0;4.0;2.0;2.0;0.0;0.0;0.0;0.0;0.0;2.0;0.0;3.0;2.0;0.0;0.0
5156.0;3.0;2.0;0.0;1.0;4.0;0.0;6.0;2.2666666666666666;1.0;0.0;2.0;0.0;0.0;0.0;4.0;2.0;0.0;0.0;0.0;0.0;0.0;0.0;0.0;0.0;0.0;1.0;0.0;0.0;0.0;0.0;0.0;3.0;0.0;0.0;5.0;5.0;0.0;0.0;0.0;0.0;0.0;1.0;0.0;0.0;0.0;0.0;3.0;0.0;0.0;0.0;0.0;2.0;1.0;0.0;0.0;0.0;0.0;0.0;0.0;0.0;0.0;0.0;2.0;0.0;0.0
5157.0;2.0;1.0;0.0;2.0;2.0;1.0;4.0;3.3442622950819674;4.0;3.0;4.0;3.0;3.0;4.0;3.0;3.0;2.0;3.0;2.0;2.0;4.0;5.0;2.0;5.0;3.0;5.0;3.0;4.0;4.0;4.0;3.0;3.0;3.0;5.0;5.0;4.0;5.0;4.0;5.0;5.0;4.0;2.0;4.0;4.0;5.0;4.0;4.0;3.0;3.0;4.0;4.0;3.0;3.0;4.0;3.0;2.0;3.0;3.0;3.0;3.0;4.0;2.0;3.0;3.0;3.0
5158.0;3.0;1.0;0.0;2.0;1.0;0.0;11.0;2.212121212121212;3.0;0.0;2.0;0.0;1.0;0.0;3.0;3.0;0.0;0.0;0.0;0.0;0.0;0.0;0.0;0.0;2.0;1.0;0.0;0.0;0.0;0.0;0.0;2.0;2.0;4.0;5.0;5.0;5.0;5.0;0.0;0.0;3.0;2.0;0.0;0.0;0.0;0.0;2.0;2.0;0.0;0.0;0.0;2.0;2.0;0.0;0.0;0.0;0.0;0.0;0.0;2.0;2.0;2.0;2.0;0.0;0.0
5159.0;3.0;1.0;0.0;0.0;0.0;0.0;1.0;2.6;0.0;0.0;2.0;0.0;0.0;0.0;0.0;0.0;0.0;0.0;0.0;0.0;0.0;0.0;0.0;0.0;0.0;0.0;0.0;0.0;0.0;0.0;0.0;3.0;0.0;0.0;0.0;3.0;0.0;0.0;0.0;0.0;0.0;0.0;0.0;0.0;0.0;0.0;0.0;0.0;0.0;0.0;0.0;4.0;0.0;0.0;0.0;0.0;0.0;0.0;0.0;0.0;0.0;0.0;0.0;0.0;0.0
5207.0;4.0;1.0;0.0;8.0;5.0;0.0;29.0;1.9625;3.0;3.0;2.0;0.0;2.0;1.0;2.0;2.0;1.0;2.0;2.0;2.0;2.0;3.0;3.0;2.0;2.0;2.0;2.0;0.0;2.0;2.0;2.0;3.0;2.0;3.0;2.0;3.0;4.0;3.0;5.0;4.0;2.0;2.0;2.0;2.0;0.0;2.0;2.0;3.0;1.0;2.0;2.0;3.0;3.0;4.0;3.0;3.0;2.0;2.0;2.0;4.0;2.0;2.0;2.0;2.0;0.0
5209.0;2.0;1.0;0.0;5.0;3.0;3.0;10.0;2.5671641791044775;3.0;3.0;3.0;2.0;2.0;3.0;2.0;2.0;2.0;2.0;2.0;3.0;2.0;3.0;3.0;4.0;4.0;3.0;3.0;2.0;2.0;2.0;2.0;3.0;2.0;4.0;4.0;4.0;4.0;5.0;5.0;5.0;4.0;2.0;2.0;2.0;2.0;2.0;2.0;3.0;2.0;2.0;3.0;4.0;3.0;4.0;3.0;3.0;3.0;2.0;2.0;3.0;2.0;3.0;3.0;4.0;2.0
5210.0;3.0;1.0;0.0;0.0;0.0;0.0;3.0;2.25;0.0;0.0;3.0;0.0;0.0;0.0;0.0;2.0;0.0;0.0;1.0;0.0;0.0;0.0;0.0;0.0;3.0;0.0;0.0;0.0;0.0;0.0;0.0;3.0;0.0;0.0;0.0;3.0;0.0;0.0;0.0;0.0;0.0;0.0;0.0;0.0;0.0;0.0;3.0;0.0;0.0;2.0;0.0;3.0;0.0;0.0;0.0;0.0;0.0;0.0;0.0;0.0;0.0;0.0;2.0;0.0;0.0
5213.0;2.0;2.0;0.0;9.0;14.0;2.0;15.0;2.6666666666666665;5.0;4.0;4.0;2.0;3.0;2.0;2.0;3.0;2.0;3.0;2.0;3.0;2.0;3.0;4.0;5.0;3.0;2.0;3.0;3.0;4.0;2.0;3.0;5.0;2.0;4.0;4.0;4.0;5.0;5.0;5.0;5.0;4.0;2.0;4.0;2.0;2.0;2.0;2.0;2.0;4.0;2.0;2.0;5.0;3.0;4.0;3.0;4.0;3.0;2.0;3.0;2.0;2.0;3.0;2.0;3.0;2.0
5214.0;3.0;1.0;0.0;3.0;6.0;0.0;9.0;2.2857142857142856;5.0;0.0;2.0;0.0;1.0;0.0;1.0;2.0;0.0;0.0;0.0;0.0;0.0;0.0;0.0;0.0;3.0;0.0;0.0;0.0;0.0;1.0;0.0;3.0;0.0;0.0;4.0;4.0;4.0;0.0;0.0;0.0;2.0;0.0;0.0;0.0;0.0;0.0;1.0;0.0;0.0;0.0;0.0;4.0;4.0;0.0;0.0;0.0;0.0;0.0;0.0;0.0;0.0;0.0;2.0;0.0;0.0
5215.0;3.0;2.0;0.0;4.0;4.0;3.0;17.0;2.246153846153846;5.0;3.0;3.0;2.0;2.0;2.0;3.0;2.0;0.0;0.0;1.0;0.0;0.0;0.0;0.0;2.0;2.0;2.0;3.0;2.0;2.0;3.0;2.0;3.0;2.0;4.0;3.0;4.0;4.0;5.0;5.0;5.0;3.0;2.0;2.0;2.0;2.0;0.0;2.0;3.0;0.0;2.0;2.0;4.0;3.0;4.0;2.0;2.0;2.0;2.0;2.0;3.0;2.0;2.0;2.0;2.0;2.0
5216.0;2.0;1.0;0.0;9.0;2.0;0.0;19.0;2.25;3.0;3.0;3.0;2.0;2.0;2.0;2.0;2.0;3.0;3.0;2.0;2.0;2.0;2.0;5.0;3.0;3.0;3.0;3.0;3.0;2.0;2.0;2.0;3.0;3.0;4.0;3.0;3.0;3.0;3.0;5.0;5.0;2.0;2.0;2.0;3.0;3.0;2.0;2.0;2.0;3.0;2.0;2.0;4.0;2.0;3.0;3.0;4.0;2.0;2.0;2.0;3.0;2.0;2.0;2.0;3.0;2.0
5218.0;4.0;1.0;0.0;5.0;8.0;2.0;8.0;2.53125;3.0;1.0;3.0;0.0;2.0;2.0;2.0;2.0;0.0;0.0;0.0;0.0;0.0;0.0;0.0;0.0;3.0;3.0;1.0;0.0;0.0;2.0;0.0;2.0;1.0;4.0;4.0;4.0;5.0;5.0;0.0;0.0;3.0;2.0;0.0;3.0;0.0;0.0;3.0;0.0;0.0;0.0;0.0;4.0;3.0;3.0;4.0;0.0;0.0;0.0;0.0;0.0;0.0;0.0;2.0;0.0;0.0
5219.0;4.0;1.0;0.0;7.0;3.0;0.0;11.0;2.6956521739130435;3.0;2.0;4.0;0.0;3.0;0.0;2.0;2.0;0.0;4.0;3.0;1.0;0.0;0.0;0.0;4.0;2.0;2.0;0.0;0.0;0.0;2.0;0.0;4.0;3.0;3.0;2.0;3.0;5.0;5.0;5.0;5.0;3.0;1.0;4.0;0.0;0.0;0.0;3.0;3.0;0.0;3.0;4.0;3.0;4.0;4.0;0.0;0.0;0.0;0.0;0.0;3.0;2.0;0.0;2.0;4.0;3.0
5220.0;4.0;2.0;0.0;5.0;3.0;1.0;16.0;2.3508771929824563;5.0;0.0;3.0;2.0;2.0;2.0;2.0;2.0;0.0;0.0;0.0;0.0;0.0;0.0;0.0;2.0;2.0;3.0;3.0;0.0;1.0;2.0;2.0;3.0;2.0;4.0;4.0;3.0;3.0;5.0;5.0;5.0;3.0;2.0;0.0;2.0;2.0;0.0;2.0;0.0;0.0;0.0;2.0;5.0;3.0;4.0;3.0;5.0;3.0;2.0;0.0;3.0;2.0;0.0;2.0;3.0;2.0
5221.0;3.0;2.0;0.0;4.0;4.0;0.0;21.0;2.1311475409836067;4.0;1.0;3.0;2.0;1.0;0.0;2.0;2.0;0.0;0.0;1.0;0.0;0.0;0.0;0.0;2.0;2.0;2.0;0.0;2.0;3.0;2.0;2.0;3.0;2.0;4.0;3.0;4.0;4.0;3.0;5.0;5.0;4.0;2.0;2.0;2.0;3.0;0.0;2.0;2.0;0.0;2.0;2.0;5.0;3.0;3.0;0.0;0.0;0.0;3.0;2.0;2.0;2.0;0.0;2.0;3.0;2.0
5222.0;3.0;1.0;0.0;2.0;0.0;1.0;8.0;2.6857142857142855;3.0;0.0;3.0;0.0;2.0;0.0;2.0;3.0;0.0;0.0;0.0;0.0;0.0;0.0;0.0;5.0;2.0;1.0;0.0;0.0;0.0;2.0;0.0;4.0;2.0;4.0;5.0;5.0;4.0;3.0;5.0;0.0;3.0;0.0;0.0;3.0;0.0;0.0;1.0;0.0;0.0;0.0;2.0;4.0;3.0;4.0;0.0;0.0;0.0;0.0;0.0;3.0;2.0;3.0;2.0;3.0;0.0
5223.0;3.0;1.0;0.0;2.0;3.0;0.0;5.0;2.71875;5.0;1.0;4.0;0.0;2.0;0.0;2.0;3.0;0.0;0.0;0.0;0.0;0.0;0.0;0.0;0.0;2.0;2.0;0.0;0.0;0.0;3.0;0.0;4.0;2.0;4.0;4.0;4.0;4.0;5.0;0.0;0.0;3.0;2.0;0.0;3.0;0.0;0.0;2.0;3.0;0.0;0.0;0.0;4.0;3.0;3.0;0.0;0.0;0.0;0.0;0.0;2.0;2.0;2.0;3.0;0.0;0.0
5224.0;2.0;1.0;0.0;6.0;7.0;1.0;15.0;2.361111111111111;3.0;5.0;4.0;2.0;2.0;2.0;2.0;2.0;2.0;2.0;2.0;2.0;2.0;3.0;2.0;2.0;4.0;2.0;3.0;2.0;3.0;3.0;2.0;4.0;2.0;4.0;5.0;4.0;4.0;3.0;5.0;4.0;3.0;2.0;2.0;2.0;3.0;2.0;3.0;2.0;2.0;3.0;2.0;4.0;3.0;3.0;2.0;3.0;3.0;2.0;2.0;2.0;2.0;2.0;3.0;3.0;2.0
5225.0;3.0;1.0;0.0;0.0;0.0;0.0;3.0;2.375;0.0;0.0;3.0;0.0;0.0;0.0;0.0;0.0;0.0;0.0;0.0;0.0;0.0;0.0;0.0;0.0;0.0;0.0;0.0;0.0;0.0;0.0;0.0;4.0;0.0;0.0;0.0;3.0;0.0;0.0;0.0;0.0;0.0;0.0;0.0;0.0;0.0;0.0;1.0;0.0;0.0;0.0;0.0;4.0;0.0;0.0;0.0;0.0;0.0;0.0;0.0;0.0;0.0;0.0;2.0;0.0;0.0
5226.0;4.0;1.0;0.0;5.0;3.0;2.0;13.0;2.491228070175439;4.0;4.0;4.0;2.0;2.0;0.0;5.0;3.0;0.0;2.0;3.0;2.0;0.0;0.0;0.0;3.0;2.0;2.0;0.0;0.0;0.0;3.0;2.0;4.0;2.0;4.0;3.0;3.0;4.0;5.0;5.0;0.0;2.0;2.0;2.0;2.0;2.0;3.0;2.0;3.0;0.0;2.0;3.0;5.0;4.0;4.0;2.0;0.0;0.0;2.0;0.0;2.0;2.0;4.0;2.0;4.0;2.0
5227.0;2.0;1.0;0.0;4.0;4.0;2.0;7.0;2.75;3.0;5.0;4.0;3.0;2.0;2.0;3.0;3.0;2.0;3.0;2.0;3.0;2.0;3.0;3.0;3.0;3.0;3.0;2.0;2.0;2.0;3.0;2.0;3.0;2.0;4.0;3.0;4.0;4.0;5.0;5.0;5.0;3.0;2.0;2.0;4.0;3.0;2.0;2.0;2.0;2.0;3.0;3.0;5.0;3.0;4.0;2.0;2.0;3.0;3.0;3.0;4.0;3.0;3.0;3.0;3.0;2.0
5229.0;3.0;1.0;0.0;1.0;0.0;0.0;2.0;2.85;5.0;0.0;4.0;0.0;0.0;0.0;2.0;2.0;0.0;0.0;0.0;0.0;0.0;0.0;0.0;0.0;2.0;0.0;0.0;0.0;0.0;2.0;0.0;3.0;0.0;0.0;5.0;5.0;4.0;0.0;0.0;0.0;3.0;2.0;0.0;0.0;0.0;0.0;2.0;3.0;0.0;0.0;0.0;4.0;3.0;0.0;0.0;0.0;0.0;0.0;0.0;2.0;0.0;0.0;2.0;0.0;0.0
5230.0;2.0;1.0;0.0;4.0;2.0;2.0;4.0;3.081967213114754;3.0;4.0;5.0;3.0;3.0;2.0;3.0;2.0;3.0;3.0;2.0;2.0;3.0;4.0;4.0;5.0;2.0;4.0;2.0;3.0;3.0;2.0;3.0;3.0;3.0;4.0;4.0;4.0;4.0;5.0;5.0;5.0;3.0;2.0;2.0;3.0;4.0;2.0;3.0;3.0;3.0;3.0;3.0;5.0;3.0;4.0;3.0;3.0;3.0;3.0;2.0;3.0;2.0;4.0;3.0;4.0;4.0
5231.0;3.0;1.0;0.0;2.0;11.0;0.0;3.0;2.4375;2.0;0.0;2.0;0.0;3.0;0.0;0.0;2.0;0.0;0.0;0.0;0.0;0.0;0.0;0.0;0.0;2.0;1.0;0.0;0.0;0.0;0.0;0.0;3.0;0.0;0.0;3.0;3.0;3.0;0.0;0.0;0.0;0.0;0.0;0.0;0.0;0.0;0.0;3.0;0.0;0.0;0.0;0.0;5.0;3.0;0.0;0.0;0.0;0.0;0.0;0.0;0.0;0.0;0.0;2.0;0.0;0.0
5235.0;2.0;1.0;0.0;4.0;2.0;7.0;7.0;3.03125;5.0;5.0;5.0;3.0;3.0;3.0;3.0;2.0;2.0;3.0;3.0;3.0;3.0;5.0;3.0;3.0;2.0;3.0;2.0;3.0;2.0;2.0;2.0;5.0;2.0;4.0;4.0;4.0;4.0;5.0;5.0;5.0;4.0;2.0;4.0;3.0;3.0;2.0;3.0;4.0;2.0;4.0;4.0;4.0;4.0;4.0;2.0;2.0;4.0;4.0;2.0;3.0;2.0;5.0;2.0;4.0;2.0
5238.0;3.0;1.0;0.0;3.0;3.0;0.0;12.0;2.176470588235294;3.0;0.0;3.0;1.0;2.0;0.0;2.0;2.0;0.0;0.0;0.0;0.0;0.0;0.0;0.0;0.0;2.0;0.0;0.0;0.0;0.0;2.0;0.0;4.0;1.0;4.0;4.0;3.0;4.0;0.0;0.0;0.0;2.0;0.0;0.0;2.0;3.0;0.0;2.0;0.0;0.0;0.0;2.0;4.0;2.0;4.0;0.0;0.0;0.0;0.0;0.0;1.0;0.0;1.0;3.0;3.0;0.0
5239.0;3.0;1.0;0.0;0.0;1.0;0.0;2.0;2.8181818181818183;0.0;0.0;3.0;0.0;0.0;0.0;0.0;3.0;0.0;0.0;0.0;0.0;0.0;0.0;0.0;0.0;2.0;0.0;0.0;0.0;0.0;0.0;0.0;4.0;0.0;0.0;0.0;4.0;0.0;0.0;0.0;0.0;0.0;0.0;0.0;0.0;0.0;0.0;3.0;0.0;0.0;3.0;0.0;4.0;0.0;0.0;0.0;0.0;0.0;0.0;0.0;0.0;0.0;0.0;3.0;0.0;0.0
5240.0;2.0;1.0;0.0;6.0;5.0;1.0;8.0;2.6153846153846154;2.0;2.0;3.0;3.0;2.0;3.0;2.0;2.0;3.0;2.0;3.0;3.0;2.0;2.0;2.0;2.0;2.0;3.0;2.0;4.0;3.0;3.0;2.0;4.0;2.0;4.0;3.0;4.0;3.0;5.0;4.0;5.0;2.0;4.0;3.0;2.0;3.0;3.0;2.0;3.0;2.0;2.0;2.0;4.0;3.0;4.0;3.0;4.0;3.0;2.0;3.0;3.0;2.0;3.0;3.0;3.0;3.0
5241.0;3.0;1.0;0.0;1.0;1.0;0.0;3.0;2.9166666666666665;0.0;0.0;4.0;0.0;0.0;0.0;1.0;4.0;0.0;0.0;0.0;0.0;0.0;0.0;0.0;0.0;2.0;0.0;0.0;0.0;0.0;0.0;0.0;5.0;0.0;0.0;0.0;5.0;0.0;0.0;0.0;0.0;0.0;0.0;0.0;0.0;0.0;0.0;3.0;0.0;0.0;0.0;0.0;4.0;3.0;0.0;0.0;0.0;0.0;0.0;0.0;0.0;0.0;0.0;2.0;0.0;0.0
5242.0;3.0;1.0;0.0;3.0;3.0;1.0;9.0;2.5;3.0;0.0;4.0;2.0;2.0;0.0;2.0;2.0;0.0;0.0;0.0;0.0;0.0;0.0;0.0;3.0;2.0;2.0;0.0;0.0;0.0;2.0;2.0;4.0;2.0;4.0;3.0;5.0;3.0;3.0;5.0;5.0;4.0;0.0;0.0;2.0;2.0;0.0;1.0;0.0;0.0;0.0;3.0;4.0;3.0;4.0;0.0;0.0;0.0;0.0;0.0;2.0;2.0;2.0;2.0;3.0;3.0
5243.0;2.0;1.0;0.0;4.0;3.0;1.0;5.0;2.8548387096774195;5.0;4.0;4.0;3.0;3.0;2.0;3.0;2.0;3.0;3.0;3.0;3.0;2.0;2.0;2.0;5.0;3.0;3.0;2.0;2.0;2.0;2.0;2.0;5.0;3.0;4.0;3.0;3.0;4.0;5.0;5.0;5.0;3.0;2.0;2.0;3.0;4.0;2.0;2.0;3.0;2.0;3.0;2.0;4.0;3.0;3.0;3.0;3.0;3.0;2.0;2.0;3.0;3.0;3.0;4.0;3.0;3.0
5244.0;2.0;1.0;0.0;7.0;9.0;0.0;14.0;2.380281690140845;3.0;2.0;3.0;2.0;2.0;2.0;2.0;2.0;2.0;3.0;3.0;4.0;2.0;4.0;2.0;3.0;2.0;2.0;2.0;2.0;2.0;2.0;2.0;4.0;2.0;4.0;4.0;3.0;3.0;4.0;5.0;5.0;3.0;4.0;4.0;3.0;2.0;3.0;2.0;2.0;2.0;2.0;3.0;4.0;3.0;4.0;2.0;2.0;3.0;2.0;2.0;2.0;2.0;3.0;2.0;2.0;3.0
5245.0;3.0;1.0;0.0;0.0;0.0;0.0;0.0;3.142857142857143;0.0;0.0;3.0;0.0;0.0;0.0;0.0;3.0;0.0;0.0;0.0;0.0;0.0;0.0;0.0;0.0;0.0;0.0;0.0;0.0;0.0;0.0;0.0;4.0;0.0;0.0;0.0;3.0;0.0;0.0;0.0;0.0;0.0;0.0;0.0;0.0;0.0;0.0;3.0;0.0;0.0;0.0;0.0;4.0;0.0;0.0;0.0;0.0;0.0;0.0;0.0;0.0;0.0;0.0;2.0;0.0;0.0
5246.0;3.0;1.0;0.0;0.0;0.0;0.0;1.0;2.375;0.0;0.0;2.0;0.0;0.0;0.0;0.0;2.0;0.0;0.0;0.0;0.0;0.0;0.0;0.0;0.0;0.0;0.0;0.0;0.0;0.0;0.0;0.0;3.0;0.0;0.0;0.0;3.0;0.0;0.0;0.0;0.0;0.0;0.0;0.0;0.0;0.0;0.0;2.0;0.0;0.0;0.0;0.0;4.0;0.0;0.0;0.0;0.0;0.0;0.0;0.0;0.0;0.0;0.0;2.0;0.0;0.0
5247.0;4.0;2.0;0.0;5.0;11.0;0.0;13.0;2.3076923076923075;4.0;2.0;4.0;2.0;2.0;2.0;2.0;2.0;0.0;2.0;2.0;2.0;0.0;0.0;0.0;4.0;3.0;2.0;3.0;3.0;2.0;2.0;2.0;3.0;2.0;4.0;3.0;3.0;4.0;4.0;5.0;4.0;3.0;2.0;3.0;3.0;2.0;2.0;2.0;2.0;0.0;2.0;2.0;4.0;3.0;4.0;2.0;2.0;2.0;2.0;2.0;3.0;2.0;2.0;2.0;3.0;2.0
5248.0;4.0;1.0;0.0;6.0;14.0;1.0;18.0;2.347826086956522;3.0;5.0;4.0;2.0;2.0;2.0;3.0;2.0;1.0;2.0;2.0;2.0;1.0;0.0;0.0;4.0;2.0;2.0;2.0;1.0;3.0;3.0;2.0;4.0;2.0;4.0;4.0;4.0;4.0;5.0;5.0;4.0;2.0;2.0;3.0;2.0;2.0;2.0;3.0;2.0;0.0;2.0;2.0;4.0;3.0;4.0;2.0;4.0;3.0;3.0;3.0;2.0;2.0;2.0;2.0;3.0;2.0
5249.0;4.0;2.0;0.0;7.0;10.0;1.0;13.0;2.5689655172413794;5.0;0.0;3.0;2.0;2.0;2.0;2.0;2.0;0.0;3.0;0.0;0.0;0.0;0.0;0.0;2.0;2.0;3.0;2.0;0.0;2.0;2.0;3.0;3.0;3.0;5.0;5.0;4.0;4.0;5.0;5.0;5.0;4.0;2.0;3.0;2.0;3.0;0.0;2.0;2.0;0.0;2.0;3.0;5.0;3.0;3.0;2.0;3.0;2.0;0.0;3.0;3.0;2.0;0.0;3.0;3.0;5.0
5250.0;2.0;1.0;0.0;7.0;3.0;3.0;4.0;3.2295081967213113;4.0;5.0;4.0;4.0;2.0;2.0;3.0;2.0;2.0;2.0;4.0;5.0;3.0;5.0;4.0;5.0;3.0;3.0;3.0;3.0;3.0;2.0;3.0;5.0;3.0;4.0;4.0;4.0;3.0;5.0;5.0;5.0;4.0;2.0;5.0;4.0;3.0;3.0;2.0;3.0;3.0;4.0;4.0;4.0;3.0;3.0;2.0;3.0;3.0;3.0;3.0;3.0;3.0;3.0;2.0;4.0;3.0
5251.0;3.0;1.0;0.0;2.0;4.0;1.0;11.0;2.4864864864864864;4.0;0.0;4.0;0.0;2.0;1.0;2.0;2.0;0.0;0.0;2.0;0.0;0.0;0.0;0.0;0.0;3.0;3.0;0.0;0.0;0.0;2.0;0.0;3.0;1.0;4.0;3.0;4.0;4.0;5.0;5.0;0.0;2.0;0.0;0.0;2.0;0.0;0.0;2.0;0.0;0.0;0.0;1.0;5.0;4.0;4.0;0.0;0.0;0.0;0.0;0.0;3.0;3.0;2.0;2.0;0.0;0.0
5252.0;3.0;2.0;0.0;4.0;4.0;3.0;16.0;2.3278688524590163;5.0;1.0;3.0;2.0;2.0;2.0;3.0;2.0;0.0;0.0;0.0;0.0;0.0;0.0;0.0;4.0;2.0;2.0;2.0;2.0;2.0;2.0;2.0;4.0;2.0;4.0;3.0;4.0;4.0;5.0;5.0;5.0;3.0;2.0;2.0;2.0;2.0;0.0;2.0;2.0;0.0;0.0;3.0;5.0;3.0;4.0;2.0;4.0;2.0;2.0;0.0;2.0;2.0;3.0;2.0;2.0;2.0
5255.0;3.0;1.0;0.0;2.0;4.0;0.0;5.0;2.5714285714285716;2.0;4.0;4.0;0.0;2.0;0.0;3.0;3.0;0.0;0.0;2.0;2.0;0.0;0.0;0.0;0.0;2.0;2.0;0.0;0.0;0.0;2.0;0.0;4.0;2.0;4.0;5.0;4.0;3.0;5.0;0.0;0.0;3.0;2.0;0.0;1.0;0.0;0.0;2.0;2.0;0.0;2.0;0.0;4.0;3.0;3.0;0.0;0.0;0.0;0.0;0.0;2.0;2.0;2.0;3.0;0.0;0.0
5256.0;3.0;1.0;0.0;1.0;2.0;0.0;1.0;2.8333333333333335;3.0;0.0;3.0;0.0;0.0;0.0;1.0;2.0;0.0;0.0;0.0;0.0;0.0;0.0;0.0;0.0;2.0;0.0;0.0;0.0;0.0;0.0;0.0;3.0;0.0;0.0;5.0;4.0;0.0;0.0;0.0;0.0;0.0;0.0;0.0;0.0;0.0;0.0;2.0;0.0;0.0;0.0;0.0;4.0;3.0;0.0;0.0;0.0;0.0;0.0;0.0;0.0;0.0;0.0;2.0;0.0;0.0
5279.0;2.0;1.0;0.0;4.0;4.0;1.0;5.0;3.370967741935484;5.0;4.0;2.0;3.0;3.0;5.0;3.0;2.0;2.0;4.0;3.0;4.0;2.0;3.0;2.0;4.0;4.0;4.0;4.0;4.0;3.0;4.0;2.0;5.0;3.0;4.0;4.0;4.0;4.0;5.0;3.0;5.0;4.0;3.0;5.0;5.0;5.0;2.0;5.0;4.0;2.0;4.0;4.0;4.0;3.0;5.0;4.0;2.0;3.0;3.0;4.0;3.0;4.0;3.0;4.0;4.0;2.0
5280.0;3.0;1.0;0.0;3.0;14.0;0.0;1.0;3.25;4.0;2.0;4.0;0.0;0.0;0.0;0.0;4.0;0.0;0.0;5.0;0.0;0.0;0.0;0.0;0.0;3.0;2.0;0.0;0.0;0.0;3.0;0.0;4.0;2.0;0.0;0.0;3.0;0.0;0.0;0.0;0.0;3.0;4.0;0.0;0.0;0.0;0.0;4.0;2.0;0.0;4.0;0.0;4.0;0.0;0.0;0.0;0.0;0.0;0.0;0.0;0.0;3.0;0.0;4.0;0.0;0.0
5281.0;2.0;1.0;0.0;8.0;14.0;0.0;20.0;2.064935064935065;3.0;3.0;3.0;2.0;2.0;3.0;2.0;2.0;3.0;2.0;2.0;2.0;2.0;3.0;3.0;2.0;2.0;2.0;2.0;2.0;2.0;3.0;2.0;3.0;2.0;2.0;2.0;3.0;2.0;2.0;5.0;4.0;3.0;2.0;3.0;3.0;2.0;2.0;2.0;2.0;3.0;3.0;2.0;3.0;4.0;2.0;2.0;2.0;3.0;2.0;2.0;2.0;2.0;2.0;3.0;2.0;2.0
5282.0;2.0;1.0;0.0;3.0;3.0;3.0;8.0;3.2;5.0;4.0;4.0;3.0;2.0;3.0;3.0;2.0;2.0;4.0;4.0;5.0;2.0;3.0;3.0;5.0;4.0;4.0;3.0;3.0;3.0;4.0;2.0;3.0;3.0;4.0;4.0;3.0;4.0;5.0;5.0;5.0;4.0;2.0;5.0;5.0;5.0;3.0;4.0;5.0;2.0;2.0;3.0;4.0;4.0;5.0;3.0;4.0;2.0;3.0;2.0;2.0;5.0;3.0;4.0;3.0;3.0
5283.0;2.0;1.0;0.0;3.0;2.0;3.0;7.0;3.21875;5.0;4.0;3.0;3.0;2.0;3.0;2.0;2.0;2.0;4.0;4.0;4.0;2.0;5.0;4.0;5.0;4.0;3.0;3.0;4.0;3.0;4.0;2.0;4.0;3.0;4.0;5.0;3.0;4.0;5.0;5.0;5.0;4.0;2.0;5.0;4.0;5.0;3.0;3.0;4.0;2.0;2.0;4.0;4.0;4.0;4.0;4.0;2.0;4.0;3.0;3.0;3.0;4.0;2.0;4.0;3.0;2.0
5284.0;3.0;1.0;0.0;1.0;3.0;0.0;5.0;2.909090909090909;5.0;3.0;3.0;0.0;2.0;0.0;3.0;2.0;0.0;0.0;0.0;0.0;0.0;0.0;0.0;0.0;5.0;4.0;0.0;0.0;0.0;1.0;0.0;5.0;0.0;0.0;4.0;3.0;0.0;0.0;0.0;0.0;0.0;2.0;0.0;0.0;0.0;0.0;4.0;0.0;0.0;2.0;0.0;4.0;4.0;0.0;0.0;0.0;0.0;0.0;0.0;0.0;0.0;0.0;4.0;0.0;0.0
5285.0;2.0;1.0;0.0;4.0;4.0;1.0;3.0;3.227272727272727;5.0;3.0;4.0;3.0;0.0;0.0;3.0;2.0;0.0;0.0;3.0;2.0;0.0;5.0;4.0;5.0;0.0;0.0;3.0;3.0;4.0;0.0;2.0;0.0;3.0;4.0;3.0;3.0;4.0;4.0;3.0;2.0;4.0;0.0;4.0;0.0;0.0;2.0;4.0;4.0;3.0;5.0;4.0;3.0;2.0;4.0;0.0;0.0;0.0;2.0;0.0;3.0;3.0;5.0;4.0;4.0;2.0
5286.0;2.0;2.0;0.0;5.0;8.0;1.0;12.0;2.652173913043478;4.0;4.0;3.0;2.0;2.0;2.0;3.0;2.0;2.0;2.0;2.0;2.0;2.0;3.0;3.0;5.0;4.0;2.0;2.0;2.0;2.0;3.0;2.0;3.0;2.0;2.0;5.0;4.0;5.0;5.0;5.0;5.0;4.0;2.0;2.0;5.0;5.0;3.0;3.0;3.0;2.0;3.0;3.0;5.0;2.0;5.0;1.0;4.0;3.0;3.0;2.0;2.0;2.0;2.0;3.0;3.0;2.0
5287.0;2.0;2.0;0.0;6.0;3.0;1.0;8.0;3.230769230769231;4.0;5.0;5.0;3.0;2.0;3.0;2.0;3.0;2.0;3.0;2.0;4.0;2.0;3.0;2.0;5.0;5.0;2.0;3.0;4.0;4.0;4.0;2.0;4.0;4.0;4.0;5.0;2.0;5.0;5.0;5.0;5.0;4.0;2.0;3.0;4.0;5.0;2.0;5.0;4.0;2.0;3.0;4.0;5.0;5.0;5.0;3.0;3.0;4.0;2.0;4.0;4.0;4.0;2.0;4.0;3.0;3.0
5288.0;3.0;1.0;0.0;2.0;2.0;0.0;8.0;2.477272727272727;4.0;3.0;4.0;3.0;2.0;2.0;2.0;2.0;0.0;0.0;1.0;0.0;0.0;0.0;0.0;2.0;2.0;3.0;3.0;0.0;3.0;3.0;0.0;3.0;3.0;3.0;4.0;2.0;4.0;4.0;3.0;0.0;3.0;2.0;0.0;2.0;0.0;0.0;3.0;3.0;0.0;2.0;2.0;4.0;3.0;3.0;0.0;0.0;0.0;0.0;0.0;0.0;2.0;3.0;2.0;3.0;0.0
5289.0;2.0;1.0;0.0;2.0;1.0;5.0;3.0;3.65;5.0;5.0;3.0;4.0;4.0;4.0;3.0;3.0;2.0;4.0;2.0;2.0;2.0;5.0;3.0;5.0;5.0;5.0;3.0;4.0;3.0;3.0;3.0;4.0;3.0;3.0;5.0;3.0;5.0;3.0;5.0;5.0;4.0;3.0;4.0;5.0;5.0;3.0;5.0;4.0;4.0;5.0;2.0;5.0;4.0;3.0;4.0;3.0;4.0;3.0;3.0;4.0;5.0;5.0;5.0;3.0;3.0
5290.0;2.0;1.0;0.0;3.0;2.0;1.0;7.0;3.140625;5.0;5.0;4.0;3.0;2.0;2.0;3.0;2.0;2.0;3.0;3.0;3.0;2.0;2.0;3.0;5.0;3.0;3.0;3.0;3.0;2.0;4.0;2.0;3.0;3.0;4.0;5.0;3.0;5.0;3.0;4.0;5.0;4.0;2.0;5.0;5.0;5.0;2.0;5.0;3.0;2.0;3.0;3.0;5.0;4.0;5.0;3.0;2.0;4.0;3.0;3.0;3.0;4.0;5.0;4.0;3.0;3.0
5291.0;2.0;1.0;0.0;6.0;6.0;0.0;15.0;2.4583333333333335;4.0;3.0;4.0;2.0;2.0;2.0;2.0;2.0;2.0;2.0;2.0;2.0;3.0;3.0;2.0;4.0;3.0;3.0;3.0;2.0;2.0;4.0;2.0;3.0;2.0;2.0;4.0;2.0;4.0;5.0;4.0;5.0;3.0;2.0;4.0;4.0;5.0;2.0;3.0;3.0;2.0;2.0;2.0;4.0;3.0;5.0;2.0;2.0;3.0;2.0;2.0;2.0;4.0;2.0;3.0;3.0;2.0
5294.0;2.0;1.0;0.0;7.0;1.0;3.0;12.0;2.7971014492753623;5.0;4.0;5.0;2.0;2.0;3.0;4.0;3.0;2.0;2.0;2.0;4.0;3.0;2.0;3.0;5.0;3.0;2.0;2.0;2.0;2.0;3.0;2.0;5.0;2.0;5.0;5.0;3.0;3.0;4.0;4.0;5.0;4.0;2.0;5.0;3.0;5.0;2.0;5.0;2.0;2.0;2.0;3.0;4.0;3.0;5.0;3.0;2.0;2.0;2.0;2.0;2.0;4.0;3.0;4.0;4.0;3.0
5295.0;3.0;1.0;0.0;4.0;6.0;0.0;5.0;3.404255319148936;5.0;5.0;3.0;3.0;3.0;4.0;2.0;3.0;0.0;4.0;4.0;5.0;1.0;0.0;0.0;5.0;4.0;4.0;4.0;0.0;3.0;3.0;0.0;2.0;3.0;2.0;0.0;3.0;4.0;0.0;3.0;0.0;4.0;3.0;3.0;3.0;5.0;2.0;4.0;4.0;0.0;4.0;3.0;5.0;5.0;5.0;5.0;0.0;0.0;0.0;0.0;3.0;5.0;5.0;3.0;3.0;0.0
5296.0;2.0;1.0;0.0;4.0;5.0;1.0;11.0;2.6470588235294117;5.0;4.0;3.0;2.0;2.0;2.0;4.0;2.0;2.0;2.0;3.0;3.0;2.0;2.0;2.0;3.0;3.0;3.0;3.0;3.0;3.0;3.0;2.0;3.0;2.0;3.0;5.0;2.0;5.0;5.0;3.0;5.0;3.0;2.0;3.0;3.0;3.0;2.0;4.0;3.0;2.0;2.0;3.0;4.0;4.0;5.0;2.0;2.0;2.0;2.0;2.0;3.0;3.0;3.0;4.0;4.0;3.0
5297.0;3.0;1.0;0.0;2.0;6.0;0.0;2.0;3.185185185185185;4.0;4.0;4.0;0.0;3.0;0.0;3.0;3.0;0.0;0.0;1.0;0.0;0.0;0.0;0.0;0.0;5.0;3.0;2.0;0.0;0.0;3.0;0.0;4.0;2.0;0.0;5.0;3.0;3.0;2.0;0.0;0.0;3.0;2.0;0.0;0.0;0.0;0.0;5.0;2.0;0.0;4.0;0.0;4.0;4.0;0.0;0.0;0.0;0.0;0.0;0.0;0.0;3.0;0.0;4.0;0.0;0.0
5334.0;2.0;1.0;0.0;7.0;12.0;0.0;4.0;3.278688524590164;5.0;4.0;3.0;3.0;3.0;3.0;2.0;4.0;3.0;3.0;4.0;2.0;2.0;2.0;4.0;4.0;4.0;3.0;3.0;3.0;4.0;2.0;2.0;4.0;3.0;4.0;5.0;4.0;4.0;5.0;5.0;5.0;4.0;3.0;4.0;4.0;4.0;2.0;4.0;2.0;3.0;4.0;4.0;4.0;5.0;4.0;3.0;2.0;3.0;3.0;2.0;3.0;4.0;3.0;5.0;4.0;2.0
5335.0;2.0;1.0;0.0;6.0;11.0;0.0;9.0;2.757575757575758;5.0;3.0;2.0;3.0;2.0;2.0;3.0;2.0;5.0;4.0;3.0;2.0;2.0;2.0;2.0;2.0;4.0;3.0;2.0;2.0;3.0;2.0;2.0;3.0;3.0;4.0;5.0;2.0;4.0;4.0;5.0;5.0;3.0;4.0;3.0;3.0;4.0;2.0;3.0;3.0;2.0;2.0;2.0;3.0;5.0;5.0;3.0;3.0;3.0;4.0;3.0;2.0;3.0;3.0;4.0;2.0;2.0
5336.0;2.0;1.0;0.0;9.0;11.0;0.0;10.0;3.0;5.0;2.0;3.0;4.0;2.0;2.0;3.0;3.0;2.0;3.0;4.0;3.0;2.0;2.0;3.0;4.0;3.0;2.0;2.0;3.0;3.0;4.0;2.0;4.0;4.0;4.0;5.0;3.0;5.0;5.0;5.0;5.0;2.0;3.0;3.0;5.0;3.0;2.0;4.0;2.0;4.0;3.0;4.0;4.0;5.0;4.0;3.0;2.0;5.0;4.0;2.0;3.0;4.0;3.0;4.0;5.0;2.0
5337.0;2.0;1.0;0.0;4.0;2.0;1.0;11.0;3.161764705882353;4.0;3.0;4.0;4.0;2.0;2.0;3.0;4.0;2.0;4.0;4.0;3.0;4.0;4.0;4.0;3.0;3.0;3.0;4.0;4.0;3.0;5.0;3.0;3.0;3.0;2.0;5.0;3.0;5.0;5.0;5.0;5.0;5.0;3.0;4.0;4.0;3.0;2.0;2.0;3.0;4.0;3.0;3.0;5.0;5.0;5.0;4.0;2.0;5.0;4.0;2.0;3.0;5.0;3.0;4.0;4.0;2.0
5340.0;4.0;1.0;0.0;5.0;12.0;0.0;6.0;2.8181818181818183;4.0;2.0;2.0;2.0;3.0;3.0;2.0;2.0;0.0;2.0;3.0;2.0;0.0;0.0;0.0;3.0;3.0;4.0;2.0;2.0;2.0;3.0;2.0;4.0;3.0;4.0;5.0;3.0;5.0;4.0;5.0;5.0;2.0;3.0;3.0;4.0;3.0;0.0;3.0;2.0;0.0;3.0;4.0;4.0;5.0;4.0;2.0;0.0;0.0;2.0;2.0;2.0;3.0;3.0;4.0;3.0;2.0
5341.0;2.0;1.0;0.0;4.0;9.0;0.0;3.0;3.566666666666667;5.0;4.0;3.0;4.0;3.0;4.0;4.0;4.0;3.0;4.0;3.0;4.0;2.0;3.0;3.0;5.0;3.0;2.0;4.0;4.0;4.0;3.0;4.0;2.0;4.0;4.0;5.0;3.0;4.0;5.0;5.0;5.0;4.0;4.0;4.0;5.0;4.0;3.0;4.0;4.0;2.0;2.0;4.0;5.0;5.0;4.0;4.0;2.0;4.0;3.0;4.0;3.0;5.0;5.0;2.0;4.0;2.0
5342.0;2.0;1.0;0.0;7.0;5.0;0.0;14.0;2.6901408450704225;4.0;3.0;3.0;2.0;2.0;3.0;2.0;2.0;3.0;4.0;3.0;2.0;3.0;2.0;3.0;3.0;2.0;3.0;2.0;2.0;3.0;4.0;2.0;3.0;3.0;4.0;5.0;2.0;5.0;5.0;5.0;5.0;4.0;2.0;2.0;4.0;4.0;3.0;3.0;3.0;3.0;4.0;2.0;3.0;5.0;5.0;2.0;2.0;2.0;2.0;2.0;3.0;4.0;5.0;3.0;3.0;3.0
5343.0;2.0;1.0;0.0;3.0;3.0;2.0;7.0;3.265625;5.0;4.0;2.0;4.0;3.0;3.0;3.0;3.0;4.0;4.0;3.0;2.0;2.0;2.0;2.0;5.0;3.0;3.0;4.0;4.0;3.0;4.0;3.0;2.0;3.0;3.0;5.0;3.0;5.0;5.0;5.0;5.0;4.0;3.0;3.0;4.0;4.0;2.0;4.0;3.0;2.0;4.0;4.0;5.0;5.0;4.0;5.0;4.0;3.0;5.0;3.0;2.0;5.0;4.0;3.0;4.0;2.0
5344.0;2.0;1.0;0.0;7.0;13.0;1.0;13.0;2.9;4.0;3.0;4.0;2.0;2.0;3.0;2.0;3.0;2.0;3.0;4.0;2.0;2.0;4.0;3.0;5.0;3.0;3.0;3.0;3.0;3.0;4.0;2.0;4.0;4.0;5.0;5.0;2.0;5.0;5.0;5.0;5.0;4.0;3.0;2.0;4.0;4.0;2.0;4.0;4.0;2.0;4.0;2.0;4.0;5.0;3.0;2.0;3.0;5.0;2.0;4.0;2.0;4.0;2.0;4.0;4.0;2.0
5345.0;2.0;1.0;0.0;6.0;10.0;0.0;12.0;3.0434782608695654;5.0;2.0;3.0;4.0;3.0;2.0;2.0;4.0;2.0;3.0;4.0;3.0;5.0;5.0;3.0;4.0;5.0;2.0;2.0;4.0;3.0;4.0;2.0;4.0;4.0;3.0;5.0;4.0;5.0;5.0;5.0;5.0;3.0;4.0;2.0;4.0;5.0;2.0;4.0;2.0;3.0;3.0;3.0;4.0;5.0;4.0;3.0;2.0;4.0;2.0;3.0;3.0;3.0;4.0;4.0;4.0;2.0
5346.0;3.0;1.0;0.0;4.0;9.0;0.0;5.0;3.1666666666666665;5.0;2.0;4.0;4.0;3.0;2.0;3.0;2.0;0.0;3.0;3.0;3.0;0.0;0.0;0.0;5.0;4.0;4.0;2.0;3.0;2.0;2.0;2.0;4.0;3.0;3.0;5.0;4.0;4.0;5.0;5.0;5.0;4.0;3.0;2.0;3.0;3.0;0.0;3.0;3.0;0.0;3.0;3.0;5.0;5.0;5.0;4.0;0.0;0.0;2.0;2.0;2.0;4.0;3.0;4.0;4.0;3.0
5347.0;4.0;1.0;0.0;6.0;5.0;1.0;17.0;2.626865671641791;4.0;0.0;3.0;3.0;3.0;2.0;3.0;2.0;1.0;2.0;3.0;2.0;0.0;0.0;0.0;3.0;2.0;2.0;3.0;4.0;3.0;3.0;2.0;3.0;3.0;2.0;5.0;4.0;5.0;5.0;5.0;5.0;4.0;3.0;4.0;3.0;4.0;3.0;2.0;2.0;0.0;3.0;3.0;4.0;5.0;5.0;4.0;2.0;3.0;2.0;2.0;2.0;2.0;0.0;4.0;3.0;4.0
5348.0;4.0;1.0;0.0;11.0;24.0;0.0;14.0;2.537313432835821;4.0;2.0;3.0;2.0;2.0;2.0;3.0;2.0;0.0;2.0;2.0;2.0;2.0;3.0;0.0;4.0;2.0;2.0;2.0;2.0;2.0;4.0;2.0;4.0;3.0;4.0;5.0;3.0;3.0;4.0;5.0;5.0;3.0;3.0;3.0;4.0;4.0;0.0;3.0;3.0;0.0;2.0;3.0;5.0;5.0;4.0;2.0;2.0;2.0;4.0;2.0;2.0;2.0;2.0;3.0;3.0;3.0
5350.0;4.0;1.0;0.0;5.0;2.0;3.0;6.0;3.210526315789474;4.0;3.0;3.0;3.0;3.0;4.0;4.0;4.0;1.0;2.0;2.0;3.0;0.0;0.0;0.0;5.0;3.0;2.0;3.0;4.0;3.0;4.0;3.0;2.0;3.0;4.0;5.0;3.0;5.0;5.0;5.0;5.0;4.0;2.0;4.0;3.0;4.0;0.0;3.0;4.0;0.0;3.0;4.0;5.0;5.0;5.0;3.0;3.0;3.0;2.0;3.0;3.0;3.0;3.0;2.0;4.0;3.0
5352.0;4.0;1.0;0.0;3.0;6.0;1.0;6.0;3.634920634920635;5.0;4.0;4.0;3.0;4.0;4.0;4.0;3.0;2.0;3.0;5.0;2.0;2.0;3.0;3.0;5.0;4.0;5.0;4.0;4.0;3.0;5.0;2.0;4.0;3.0;4.0;5.0;3.0;5.0;5.0;4.0;5.0;4.0;5.0;4.0;5.0;5.0;2.0;5.0;4.0;5.0;3.0;5.0;5.0;5.0;5.0;5.0;2.0;2.0;4.0;3.0;2.0;5.0;5.0;4.0;4.0;4.0
5353.0;2.0;2.0;0.0;3.0;6.0;5.0;0.0;4.228070175438597;5.0;5.0;4.0;4.0;2.0;3.0;4.0;4.0;3.0;5.0;4.0;4.0;3.0;3.0;3.0;5.0;4.0;4.0;5.0;5.0;4.0;5.0;3.0;4.0;5.0;4.0;5.0;4.0;5.0;5.0;5.0;5.0;5.0;5.0;5.0;4.0;5.0;3.0;4.0;5.0;4.0;4.0;5.0;5.0;5.0;5.0;5.0;3.0;4.0;5.0;3.0;4.0;5.0;3.0;5.0;4.0;3.0
5354.0;4.0;1.0;0.0;5.0;9.0;0.0;8.0;2.694915254237288;3.0;2.0;3.0;3.0;2.0;3.0;2.0;2.0;0.0;3.0;3.0;3.0;2.0;0.0;0.0;4.0;4.0;2.0;3.0;2.0;2.0;3.0;2.0;3.0;3.0;3.0;5.0;3.0;4.0;3.0;5.0;5.0;2.0;3.0;2.0;4.0;4.0;0.0;2.0;2.0;0.0;2.0;3.0;5.0;5.0;4.0;3.0;2.0;2.0;0.0;2.0;2.0;4.0;3.0;2.0;4.0;2.0
5355.0;4.0;1.0;0.0;5.0;1.0;1.0;4.0;3.169491525423729;5.0;3.0;3.0;4.0;3.0;2.0;4.0;3.0;2.0;3.0;2.0;2.0;3.0;3.0;0.0;4.0;3.0;2.0;5.0;3.0;3.0;4.0;2.0;3.0;3.0;3.0;5.0;4.0;5.0;5.0;5.0;5.0;4.0;2.0;3.0;3.0;4.0;2.0;3.0;3.0;0.0;2.0;4.0;5.0;5.0;4.0;4.0;2.0;4.0;3.0;2.0;2.0;3.0;3.0;4.0;4.0;2.0
5356.0;2.0;1.0;0.0;3.0;1.0;7.0;0.0;4.333333333333333;5.0;5.0;4.0;5.0;3.0;5.0;5.0;3.0;3.0;5.0;5.0;2.0;2.0;5.0;4.0;5.0;4.0;4.0;4.0;3.0;4.0;5.0;3.0;3.0;5.0;4.0;5.0;3.0;5.0;5.0;5.0;5.0;4.0;5.0;5.0;5.0;4.0;5.0;4.0;5.0;4.0;4.0;5.0;5.0;5.0;5.0;5.0;3.0;5.0;5.0;4.0;4.0;5.0;5.0;5.0;5.0;3.0
5357.0;2.0;1.0;0.0;3.0;1.0;5.0;1.0;4.275862068965517;5.0;5.0;5.0;4.0;4.0;4.0;5.0;2.0;3.0;4.0;4.0;3.0;4.0;5.0;4.0;5.0;3.0;5.0;5.0;5.0;4.0;5.0;3.0;3.0;5.0;4.0;5.0;4.0;5.0;5.0;5.0;5.0;4.0;5.0;5.0;5.0;5.0;4.0;5.0;5.0;3.0;3.0;4.0;5.0;5.0;5.0;5.0;3.0;5.0;5.0;3.0;5.0;5.0;5.0;4.0;5.0;2.0
5379.0;3.0;1.0;1.0;0.0;3.0;0.0;2.0;2.0;0.0;0.0;0.0;0.0;0.0;0.0;0.0;1.0;0.0;0.0;1.0;0.0;0.0;0.0;0.0;0.0;0.0;0.0;0.0;0.0;0.0;0.0;0.0;0.0;0.0;0.0;0.0;0.0;0.0;0.0;0.0;0.0;0.0;0.0;0.0;0.0;0.0;0.0;0.0;0.0;0.0;0.0;0.0;0.0;0.0;0.0;0.0;0.0;0.0;0.0;0.0;0.0;0.0;0.0;4.0;0.0;0.0
5380.0;3.0;1.0;1.0;1.0;8.0;0.0;4.0;2.0;0.0;0.0;1.0;0.0;0.0;0.0;0.0;0.0;0.0;0.0;1.0;0.0;0.0;0.0;0.0;0.0;0.0;0.0;0.0;0.0;0.0;0.0;0.0;3.0;0.0;0.0;0.0;3.0;0.0;0.0;0.0;0.0;0.0;0.0;0.0;0.0;0.0;0.0;1.0;0.0;0.0;0.0;0.0;3.0;0.0;0.0;0.0;0.0;0.0;0.0;0.0;0.0;0.0;0.0;3.0;0.0;0.0
5384.0;4.0;1.0;0.0;5.0;20.0;0.0;7.0;2.4210526315789473;4.0;2.0;3.0;0.0;2.0;2.0;2.0;3.0;0.0;0.0;3.0;2.0;1.0;0.0;0.0;4.0;3.0;2.0;2.0;0.0;0.0;3.0;2.0;4.0;2.0;4.0;4.0;3.0;0.0;0.0;0.0;0.0;3.0;0.0;0.0;2.0;2.0;0.0;3.0;0.0;0.0;2.0;0.0;4.0;0.0;3.0;3.0;0.0;0.0;0.0;0.0;2.0;3.0;0.0;2.0;0.0;0.0
5388.0;3.0;2.0;0.0;1.0;25.0;0.0;6.0;1.7692307692307692;0.0;0.0;2.0;0.0;0.0;0.0;0.0;2.0;0.0;0.0;1.0;0.0;0.0;0.0;0.0;0.0;3.0;0.0;0.0;0.0;0.0;0.0;0.0;2.0;0.0;0.0;0.0;3.0;0.0;0.0;0.0;0.0;0.0;0.0;0.0;0.0;0.0;0.0;1.0;0.0;0.0;2.0;0.0;0.0;0.0;0.0;0.0;0.0;0.0;0.0;0.0;0.0;0.0;0.0;3.0;0.0;0.0
5389.0;3.0;1.0;0.0;1.0;12.0;0.0;0.0;3.375;5.0;0.0;2.0;0.0;0.0;0.0;0.0;2.0;0.0;0.0;0.0;0.0;0.0;0.0;0.0;0.0;4.0;0.0;0.0;0.0;0.0;0.0;0.0;4.0;0.0;0.0;0.0;4.0;0.0;0.0;0.0;0.0;0.0;0.0;0.0;0.0;0.0;0.0;0.0;0.0;0.0;0.0;0.0;3.0;0.0;0.0;0.0;0.0;0.0;0.0;0.0;0.0;0.0;0.0;3.0;0.0;0.0
5391.0;3.0;1.0;0.0;1.0;14.0;0.0;2.0;2.1666666666666665;0.0;0.0;1.0;0.0;0.0;0.0;0.0;1.0;0.0;0.0;2.0;0.0;0.0;0.0;0.0;0.0;3.0;0.0;0.0;0.0;0.0;0.0;0.0;0.0;0.0;0.0;0.0;0.0;0.0;0.0;0.0;0.0;0.0;0.0;0.0;0.0;0.0;0.0;0.0;0.0;0.0;0.0;0.0;3.0;0.0;0.0;0.0;0.0;0.0;0.0;0.0;0.0;0.0;0.0;3.0;0.0;0.0
5392.0;2.0;1.0;0.0;7.0;17.0;2.0;8.0;2.7384615384615385;5.0;2.0;3.0;3.0;3.0;3.0;2.0;3.0;2.0;3.0;3.0;2.0;2.0;3.0;4.0;3.0;2.0;4.0;2.0;3.0;2.0;2.0;2.0;5.0;3.0;4.0;5.0;2.0;4.0;4.0;5.0;5.0;3.0;2.0;3.0;3.0;3.0;2.0;4.0;2.0;4.0;2.0;3.0;3.0;5.0;2.0;3.0;2.0;3.0;2.0;2.0;2.0;2.0;2.0;4.0;4.0;3.0
5393.0;3.0;1.0;0.0;1.0;13.0;0.0;1.0;2.8823529411764706;4.0;0.0;3.0;0.0;2.0;0.0;0.0;2.0;0.0;0.0;2.0;0.0;0.0;0.0;0.0;0.0;2.0;0.0;0.0;0.0;0.0;3.0;0.0;3.0;0.0;0.0;0.0;2.0;5.0;0.0;0.0;0.0;4.0;0.0;0.0;0.0;0.0;0.0;2.0;0.0;0.0;4.0;0.0;4.0;0.0;0.0;0.0;0.0;0.0;0.0;0.0;2.0;0.0;0.0;4.0;0.0;0.0
5396.0;3.0;1.0;0.0;1.0;11.0;0.0;6.0;2.5;4.0;0.0;3.0;0.0;2.0;1.0;1.0;2.0;0.0;0.0;2.0;0.0;0.0;0.0;0.0;0.0;3.0;0.0;0.0;0.0;0.0;3.0;0.0;3.0;0.0;0.0;5.0;0.0;4.0;0.0;0.0;0.0;0.0;2.0;0.0;0.0;0.0;0.0;3.0;2.0;0.0;0.0;0.0;5.0;2.0;0.0;0.0;0.0;0.0;0.0;0.0;3.0;3.0;0.0;3.0;0.0;0.0
5398.0;3.0;1.0;0.0;1.0;12.0;0.0;1.0;3.4;4.0;0.0;0.0;0.0;0.0;0.0;0.0;2.0;0.0;0.0;0.0;0.0;0.0;0.0;0.0;0.0;0.0;0.0;0.0;0.0;0.0;0.0;0.0;0.0;0.0;0.0;0.0;0.0;0.0;0.0;0.0;0.0;0.0;0.0;0.0;0.0;0.0;0.0;0.0;0.0;0.0;0.0;0.0;5.0;5.0;0.0;0.0;0.0;0.0;0.0;0.0;0.0;0.0;0.0;1.0;0.0;0.0
5399.0;3.0;1.0;0.0;1.0;17.0;0.0;0.0;4.0;0.0;0.0;5.0;0.0;0.0;0.0;0.0;3.0;0.0;0.0;0.0;0.0;0.0;0.0;0.0;0.0;3.0;0.0;0.0;0.0;0.0;0.0;0.0;0.0;0.0;0.0;0.0;0.0;0.0;0.0;0.0;0.0;0.0;0.0;0.0;0.0;0.0;0.0;0.0;0.0;0.0;0.0;0.0;5.0;0.0;0.0;0.0;0.0;0.0;0.0;0.0;0.0;0.0;0.0;0.0;0.0;0.0
5400.0;3.0;1.0;0.0;1.0;11.0;0.0;3.0;2.8;4.0;0.0;2.0;0.0;0.0;0.0;0.0;2.0;0.0;0.0;0.0;0.0;0.0;0.0;0.0;0.0;2.0;2.0;0.0;0.0;0.0;0.0;0.0;2.0;0.0;0.0;5.0;2.0;0.0;0.0;0.0;0.0;0.0;0.0;0.0;0.0;0.0;0.0;4.0;0.0;0.0;1.0;0.0;5.0;5.0;0.0;0.0;0.0;0.0;0.0;0.0;0.0;0.0;0.0;4.0;0.0;0.0
5401.0;3.0;1.0;0.0;3.0;6.0;0.0;4.0;2.3846153846153846;3.0;0.0;2.0;0.0;0.0;0.0;0.0;0.0;0.0;0.0;0.0;0.0;0.0;0.0;0.0;0.0;0.0;0.0;0.0;0.0;0.0;0.0;0.0;4.0;0.0;0.0;0.0;3.0;0.0;0.0;0.0;0.0;0.0;1.0;0.0;0.0;0.0;0.0;2.0;0.0;0.0;0.0;0.0;4.0;0.0;0.0;0.0;0.0;0.0;0.0;0.0;0.0;0.0;0.0;2.0;0.0;0.0
5408.0;3.0;1.0;0.0;2.0;5.0;0.0;5.0;2.76;4.0;3.0;2.0;0.0;0.0;0.0;2.0;2.0;0.0;0.0;0.0;0.0;0.0;0.0;0.0;0.0;4.0;2.0;0.0;0.0;0.0;3.0;0.0;3.0;0.0;0.0;5.0;4.0;4.0;0.0;0.0;0.0;4.0;2.0;0.0;0.0;0.0;0.0;2.0;1.0;0.0;2.0;0.0;5.0;5.0;0.0;0.0;0.0;0.0;0.0;0.0;3.0;1.0;1.0;3.0;0.0;0.0
5410.0;3.0;1.0;0.0;1.0;12.0;0.0;6.0;2.4285714285714284;4.0;0.0;4.0;0.0;0.0;0.0;0.0;2.0;0.0;0.0;0.0;0.0;0.0;0.0;0.0;0.0;3.0;0.0;0.0;0.0;0.0;0.0;0.0;3.0;0.0;0.0;0.0;1.0;0.0;0.0;0.0;0.0;0.0;0.0;0.0;0.0;0.0;0.0;4.0;0.0;0.0;1.0;0.0;5.0;0.0;0.0;0.0;0.0;0.0;0.0;0.0;0.0;0.0;0.0;3.0;0.0;0.0
5411.0;3.0;1.0;0.0;1.0;11.0;0.0;5.0;1.4285714285714286;0.0;0.0;0.0;0.0;0.0;0.0;0.0;0.0;0.0;0.0;0.0;0.0;0.0;0.0;0.0;0.0;1.0;0.0;0.0;0.0;0.0;0.0;0.0;0.0;0.0;0.0;0.0;2.0;0.0;0.0;0.0;0.0;0.0;0.0;0.0;0.0;0.0;0.0;3.0;0.0;0.0;0.0;0.0;0.0;0.0;0.0;0.0;0.0;0.0;0.0;0.0;0.0;0.0;0.0;1.0;0.0;0.0
5414.0;3.0;1.0;0.0;2.0;7.0;0.0;1.0;3.5384615384615383;5.0;3.0;2.0;0.0;2.0;3.0;3.0;3.0;0.0;0.0;3.0;1.0;0.0;0.0;0.0;0.0;3.0;4.0;0.0;0.0;0.0;4.0;0.0;2.0;0.0;0.0;5.0;3.0;5.0;0.0;0.0;0.0;5.0;3.0;0.0;0.0;0.0;0.0;3.0;4.0;0.0;3.0;0.0;5.0;5.0;0.0;0.0;0.0;0.0;0.0;0.0;5.0;5.0;0.0;3.0;0.0;0.0
5417.0;3.0;1.0;0.0;1.0;8.0;0.0;3.0;2.857142857142857;4.0;0.0;2.0;0.0;0.0;0.0;0.0;2.0;0.0;0.0;2.0;0.0;0.0;0.0;0.0;0.0;3.0;0.0;0.0;0.0;0.0;0.0;0.0;2.0;0.0;0.0;5.0;3.0;0.0;0.0;0.0;0.0;0.0;0.0;0.0;0.0;0.0;0.0;0.0;0.0;0.0;0.0;0.0;5.0;5.0;0.0;0.0;0.0;0.0;0.0;0.0;0.0;0.0;0.0;4.0;0.0;0.0
5418.0;3.0;1.0;0.0;3.0;11.0;0.0;9.0;2.0952380952380953;5.0;2.0;3.0;0.0;0.0;0.0;0.0;2.0;0.0;0.0;0.0;0.0;0.0;0.0;0.0;0.0;2.0;1.0;0.0;0.0;0.0;3.0;0.0;2.0;0.0;0.0;0.0;1.0;0.0;0.0;0.0;0.0;1.0;0.0;0.0;0.0;0.0;0.0;4.0;0.0;0.0;2.0;0.0;5.0;2.0;0.0;0.0;0.0;0.0;0.0;0.0;0.0;1.0;0.0;3.0;0.0;0.0
5422.0;3.0;1.0;0.0;1.0;11.0;0.0;1.0;3.6;0.0;0.0;4.0;0.0;0.0;0.0;0.0;3.0;0.0;0.0;0.0;0.0;0.0;0.0;0.0;0.0;5.0;0.0;0.0;0.0;0.0;0.0;0.0;5.0;0.0;0.0;0.0;3.0;0.0;0.0;0.0;0.0;0.0;0.0;0.0;0.0;0.0;0.0;4.0;0.0;0.0;2.0;0.0;5.0;0.0;0.0;0.0;0.0;0.0;0.0;0.0;0.0;0.0;0.0;4.0;0.0;0.0
5425.0;4.0;1.0;1.0;7.0;4.0;0.0;3.0;2.272727272727273;0.0;0.0;1.0;0.0;0.0;0.0;0.0;2.0;0.0;0.0;0.0;0.0;0.0;0.0;0.0;0.0;4.0;0.0;0.0;0.0;0.0;2.0;0.0;2.0;0.0;0.0;0.0;2.0;0.0;0.0;0.0;0.0;0.0;0.0;0.0;0.0;0.0;0.0;3.0;0.0;0.0;0.0;0.0;5.0;0.0;0.0;0.0;0.0;0.0;0.0;0.0;0.0;0.0;0.0;2.0;0.0;0.0
5426.0;3.0;1.0;0.0;1.0;11.0;0.0;4.0;1.8;0.0;0.0;1.0;0.0;0.0;0.0;0.0;0.0;0.0;0.0;0.0;0.0;0.0;0.0;0.0;0.0;1.0;0.0;0.0;0.0;0.0;0.0;0.0;0.0;0.0;0.0;0.0;0.0;0.0;0.0;0.0;0.0;0.0;0.0;0.0;0.0;0.0;0.0;1.0;0.0;0.0;0.0;0.0;5.0;0.0;0.0;0.0;0.0;0.0;0.0;0.0;0.0;0.0;0.0;1.0;0.0;0.0
5427.0;3.0;1.0;0.0;2.0;13.0;0.0;6.0;2.2666666666666666;4.0;1.0;0.0;0.0;1.0;0.0;0.0;1.0;0.0;0.0;0.0;0.0;0.0;0.0;0.0;0.0;3.0;2.0;0.0;0.0;0.0;0.0;0.0;2.0;0.0;0.0;5.0;2.0;0.0;0.0;0.0;0.0;0.0;0.0;0.0;0.0;0.0;0.0;0.0;0.0;0.0;2.0;0.0;0.0;5.0;0.0;0.0;0.0;0.0;0.0;0.0;0.0;0.0;0.0;3.0;0.0;0.0
5429.0;3.0;1.0;0.0;1.0;9.0;0.0;9.0;2.392857142857143;4.0;3.0;3.0;0.0;0.0;0.0;2.0;3.0;0.0;0.0;2.0;0.0;0.0;0.0;0.0;0.0;4.0;1.0;0.0;0.0;0.0;3.0;0.0;3.0;0.0;0.0;5.0;3.0;4.0;0.0;0.0;0.0;0.0;2.0;0.0;0.0;0.0;0.0;2.0;2.0;0.0;1.0;0.0;5.0;0.0;0.0;0.0;0.0;0.0;0.0;0.0;2.0;3.0;0.0;3.0;0.0;0.0
5431.0;3.0;1.0;0.0;1.0;6.0;0.0;1.0;2.9166666666666665;4.0;0.0;2.0;0.0;0.0;0.0;0.0;2.0;0.0;0.0;0.0;0.0;0.0;0.0;0.0;0.0;3.0;0.0;0.0;0.0;0.0;0.0;0.0;3.0;0.0;0.0;4.0;2.0;0.0;0.0;0.0;0.0;0.0;0.0;0.0;0.0;0.0;0.0;2.0;0.0;0.0;0.0;0.0;5.0;5.0;0.0;0.0;0.0;0.0;0.0;0.0;0.0;0.0;0.0;2.0;0.0;0.0
5432.0;3.0;1.0;0.0;2.0;12.0;0.0;4.0;2.272727272727273;3.0;0.0;3.0;0.0;0.0;0.0;1.0;2.0;0.0;0.0;0.0;0.0;0.0;0.0;0.0;0.0;0.0;0.0;0.0;0.0;0.0;0.0;0.0;3.0;0.0;0.0;0.0;0.0;0.0;0.0;0.0;0.0;0.0;0.0;0.0;0.0;0.0;0.0;2.0;0.0;0.0;0.0;0.0;5.0;0.0;0.0;0.0;0.0;0.0;0.0;0.0;0.0;0.0;0.0;3.0;0.0;0.0
5435.0;4.0;1.0;0.0;5.0;11.0;0.0;4.0;2.111111111111111;3.0;0.0;2.0;0.0;0.0;0.0;0.0;2.0;0.0;0.0;0.0;0.0;0.0;0.0;0.0;0.0;3.0;0.0;0.0;0.0;0.0;0.0;0.0;2.0;0.0;0.0;0.0;3.0;3.0;0.0;0.0;0.0;4.0;0.0;0.0;2.0;0.0;0.0;2.0;0.0;0.0;2.0;0.0;0.0;0.0;0.0;0.0;0.0;0.0;0.0;0.0;1.0;0.0;0.0;2.0;0.0;0.0
5436.0;2.0;1.0;0.0;11.0;13.0;1.0;13.0;2.8857142857142857;5.0;2.0;3.0;4.0;2.0;3.0;2.0;3.0;2.0;4.0;2.0;2.0;2.0;3.0;2.0;3.0;3.0;3.0;4.0;3.0;3.0;4.0;2.0;4.0;3.0;4.0;5.0;3.0;5.0;5.0;5.0;5.0;3.0;4.0;4.0;4.0;4.0;2.0;5.0;3.0;2.0;4.0;3.0;5.0;5.0;4.0;4.0;2.0;3.0;2.0;3.0;2.0;4.0;3.0;4.0;3.0;2.0
5439.0;3.0;1.0;0.0;0.0;4.0;0.0;1.0;2.0;0.0;0.0;0.0;0.0;0.0;0.0;0.0;0.0;0.0;0.0;0.0;0.0;0.0;0.0;0.0;0.0;0.0;0.0;0.0;0.0;0.0;0.0;0.0;0.0;0.0;0.0;0.0;3.0;0.0;0.0;0.0;0.0;0.0;0.0;0.0;0.0;0.0;0.0;0.0;0.0;0.0;0.0;0.0;1.0;0.0;0.0;0.0;0.0;0.0;0.0;0.0;0.0;0.0;0.0;2.0;0.0;0.0
5440.0;3.0;1.0;0.0;1.0;10.0;0.0;3.0;2.75;4.0;0.0;1.0;0.0;2.0;0.0;0.0;0.0;0.0;0.0;2.0;0.0;0.0;0.0;0.0;0.0;3.0;0.0;0.0;0.0;0.0;3.0;0.0;4.0;0.0;0.0;5.0;1.0;0.0;0.0;0.0;0.0;3.0;0.0;0.0;0.0;0.0;0.0;4.0;0.0;0.0;3.0;0.0;3.0;0.0;0.0;0.0;0.0;0.0;0.0;0.0;2.0;0.0;0.0;3.0;0.0;0.0
5441.0;3.0;1.0;0.0;1.0;6.0;0.0;1.0;1.6666666666666667;0.0;0.0;0.0;0.0;0.0;0.0;0.0;0.0;0.0;0.0;0.0;0.0;0.0;0.0;0.0;0.0;0.0;0.0;0.0;0.0;0.0;0.0;0.0;0.0;0.0;0.0;0.0;2.0;0.0;0.0;0.0;0.0;0.0;0.0;0.0;0.0;0.0;0.0;0.0;0.0;0.0;0.0;0.0;1.0;0.0;0.0;0.0;0.0;0.0;0.0;0.0;0.0;0.0;0.0;2.0;0.0;0.0
5443.0;3.0;1.0;0.0;2.0;10.0;0.0;2.0;3.4444444444444446;5.0;3.0;4.0;0.0;3.0;2.0;3.0;5.0;0.0;0.0;3.0;0.0;0.0;0.0;0.0;3.0;3.0;3.0;3.0;0.0;0.0;2.0;0.0;5.0;3.0;3.0;5.0;4.0;4.0;5.0;0.0;0.0;3.0;4.0;2.0;2.0;0.0;0.0;4.0;3.0;0.0;2.0;0.0;5.0;5.0;5.0;5.0;0.0;0.0;0.0;0.0;3.0;4.0;0.0;4.0;0.0;0.0
5444.0;3.0;2.0;0.0;1.0;10.0;0.0;6.0;2.6666666666666665;5.0;2.0;2.0;0.0;2.0;0.0;2.0;2.0;0.0;0.0;3.0;0.0;0.0;0.0;0.0;0.0;2.0;2.0;0.0;0.0;0.0;0.0;0.0;2.0;0.0;0.0;5.0;5.0;0.0;0.0;0.0;0.0;0.0;4.0;0.0;0.0;0.0;0.0;3.0;0.0;0.0;4.0;0.0;4.0;5.0;0.0;0.0;0.0;0.0;0.0;0.0;0.0;0.0;0.0;4.0;0.0;0.0
5447.0;3.0;1.0;0.0;1.0;1.0;0.0;3.0;2.736842105263158;3.0;2.0;3.0;0.0;2.0;0.0;2.0;2.0;0.0;0.0;0.0;0.0;0.0;0.0;0.0;0.0;3.0;4.0;0.0;0.0;0.0;0.0;0.0;5.0;0.0;0.0;4.0;3.0;0.0;0.0;0.0;0.0;0.0;0.0;0.0;0.0;0.0;0.0;3.0;0.0;0.0;2.0;0.0;4.0;3.0;0.0;0.0;0.0;0.0;0.0;0.0;0.0;0.0;0.0;4.0;0.0;0.0
5448.0;3.0;1.0;0.0;0.0;3.0;0.0;1.0;2.3333333333333335;0.0;0.0;0.0;0.0;0.0;0.0;0.0;0.0;0.0;0.0;0.0;0.0;0.0;0.0;0.0;0.0;0.0;0.0;0.0;0.0;0.0;0.0;0.0;0.0;0.0;0.0;0.0;1.0;0.0;0.0;0.0;0.0;0.0;0.0;0.0;0.0;0.0;0.0;0.0;0.0;0.0;0.0;0.0;4.0;0.0;0.0;0.0;0.0;0.0;0.0;0.0;0.0;0.0;0.0;2.0;0.0;0.0
5449.0;3.0;1.0;0.0;1.0;14.0;0.0;0.0;3.5;0.0;0.0;0.0;0.0;0.0;0.0;0.0;0.0;0.0;0.0;0.0;0.0;0.0;0.0;0.0;0.0;0.0;0.0;0.0;0.0;0.0;0.0;0.0;0.0;0.0;0.0;0.0;0.0;0.0;0.0;0.0;0.0;0.0;0.0;0.0;0.0;0.0;0.0;3.0;0.0;0.0;0.0;0.0;4.0;0.0;0.0;0.0;0.0;0.0;0.0;0.0;0.0;0.0;0.0;0.0;0.0;0.0
5451.0;3.0;1.0;0.0;1.0;3.0;0.0;3.0;3.15;4.0;5.0;4.0;0.0;2.0;0.0;3.0;3.0;0.0;0.0;0.0;0.0;0.0;0.0;0.0;0.0;4.0;3.0;0.0;0.0;0.0;0.0;0.0;3.0;0.0;0.0;4.0;3.0;0.0;0.0;0.0;0.0;0.0;2.0;0.0;0.0;0.0;0.0;4.0;0.0;0.0;4.0;0.0;4.0;4.0;0.0;0.0;0.0;0.0;0.0;0.0;0.0;0.0;0.0;4.0;0.0;0.0
5452.0;3.0;1.0;0.0;1.0;4.0;0.0;2.0;2.142857142857143;0.0;0.0;1.0;0.0;0.0;0.0;0.0;0.0;0.0;0.0;0.0;0.0;0.0;0.0;0.0;0.0;2.0;0.0;0.0;0.0;0.0;0.0;0.0;3.0;0.0;0.0;0.0;3.0;0.0;0.0;0.0;0.0;0.0;0.0;0.0;0.0;0.0;0.0;2.0;0.0;0.0;0.0;0.0;0.0;0.0;0.0;0.0;0.0;0.0;0.0;0.0;0.0;0.0;0.0;3.0;0.0;0.0
5456.0;3.0;1.0;0.0;1.0;5.0;0.0;2.0;1.0;0.0;0.0;0.0;0.0;0.0;0.0;0.0;0.0;0.0;0.0;0.0;0.0;0.0;0.0;0.0;0.0;0.0;0.0;0.0;0.0;0.0;0.0;0.0;0.0;0.0;0.0;0.0;0.0;0.0;0.0;0.0;0.0;0.0;0.0;0.0;0.0;0.0;0.0;1.0;0.0;0.0;0.0;0.0;0.0;0.0;0.0;0.0;0.0;0.0;0.0;0.0;0.0;0.0;0.0;0.0;0.0;0.0
5458.0;3.0;1.0;0.0;0.0;1.0;0.0;0.0;2.7142857142857144;0.0;0.0;2.0;0.0;0.0;0.0;0.0;0.0;0.0;0.0;0.0;0.0;0.0;0.0;0.0;0.0;3.0;0.0;0.0;0.0;0.0;0.0;0.0;3.0;0.0;0.0;0.0;2.0;0.0;0.0;0.0;0.0;0.0;0.0;0.0;0.0;0.0;0.0;2.0;0.0;0.0;0.0;0.0;4.0;0.0;0.0;0.0;0.0;0.0;0.0;0.0;0.0;0.0;0.0;3.0;0.0;0.0
5462.0;3.0;1.0;0.0;0.0;9.0;0.0;1.0;2.8333333333333335;0.0;0.0;3.0;0.0;0.0;0.0;0.0;1.0;0.0;0.0;0.0;0.0;0.0;0.0;0.0;0.0;2.0;0.0;0.0;0.0;0.0;0.0;0.0;0.0;0.0;0.0;0.0;4.0;0.0;0.0;0.0;0.0;0.0;0.0;0.0;0.0;0.0;0.0;0.0;0.0;0.0;0.0;0.0;4.0;0.0;0.0;0.0;0.0;0.0;0.0;0.0;0.0;0.0;0.0;3.0;0.0;0.0
5464.0;3.0;1.0;0.0;0.0;5.0;0.0;4.0;1.8571428571428572;0.0;0.0;1.0;0.0;0.0;0.0;0.0;0.0;0.0;0.0;0.0;0.0;0.0;0.0;0.0;0.0;0.0;0.0;0.0;0.0;0.0;0.0;0.0;1.0;0.0;0.0;0.0;0.0;0.0;0.0;0.0;0.0;0.0;0.0;0.0;0.0;0.0;0.0;3.0;0.0;0.0;0.0;0.0;4.0;0.0;0.0;0.0;0.0;0.0;0.0;0.0;0.0;0.0;0.0;2.0;0.0;0.0
5465.0;3.0;1.0;0.0;1.0;5.0;0.0;2.0;2.4444444444444446;5.0;0.0;1.0;0.0;0.0;0.0;0.0;2.0;0.0;0.0;0.0;0.0;0.0;0.0;0.0;0.0;2.0;0.0;0.0;0.0;0.0;0.0;0.0;3.0;0.0;0.0;0.0;3.0;0.0;0.0;0.0;0.0;0.0;0.0;0.0;0.0;0.0;0.0;3.0;0.0;0.0;0.0;0.0;0.0;0.0;0.0;0.0;0.0;0.0;0.0;0.0;0.0;0.0;0.0;2.0;0.0;0.0
5467.0;4.0;1.0;0.0;5.0;5.0;0.0;3.0;2.6666666666666665;4.0;0.0;3.0;0.0;0.0;0.0;0.0;2.0;0.0;0.0;0.0;0.0;0.0;0.0;0.0;0.0;2.0;0.0;0.0;0.0;0.0;0.0;0.0;3.0;0.0;0.0;4.0;3.0;3.0;0.0;0.0;0.0;3.0;0.0;0.0;0.0;0.0;0.0;4.0;0.0;0.0;0.0;0.0;4.0;1.0;0.0;0.0;0.0;0.0;0.0;0.0;2.0;0.0;0.0;1.0;0.0;0.0
5471.0;3.0;1.0;0.0;0.0;13.0;0.0;1.0;2.5;0.0;0.0;1.0;0.0;0.0;0.0;0.0;0.0;0.0;0.0;0.0;0.0;0.0;0.0;0.0;0.0;0.0;0.0;0.0;0.0;0.0;0.0;0.0;3.0;0.0;0.0;0.0;0.0;0.0;0.0;0.0;0.0;0.0;0.0;0.0;0.0;0.0;0.0;2.0;0.0;0.0;0.0;0.0;4.0;0.0;0.0;0.0;0.0;0.0;0.0;0.0;0.0;0.0;0.0;0.0;0.0;0.0
5473.0;3.0;1.0;0.0;0.0;9.0;0.0;2.0;2.2;0.0;0.0;1.0;0.0;0.0;0.0;0.0;0.0;0.0;0.0;0.0;0.0;0.0;0.0;0.0;0.0;5.0;0.0;0.0;0.0;0.0;0.0;0.0;1.0;0.0;0.0;0.0;2.0;0.0;0.0;0.0;0.0;0.0;0.0;0.0;0.0;0.0;0.0;0.0;0.0;0.0;0.0;0.0;0.0;0.0;0.0;0.0;0.0;0.0;0.0;0.0;0.0;0.0;0.0;2.0;0.0;0.0
5474.0;3.0;1.0;0.0;1.0;0.0;0.0;0.0;4.0;0.0;0.0;0.0;0.0;0.0;0.0;0.0;0.0;0.0;0.0;0.0;0.0;0.0;0.0;0.0;0.0;0.0;0.0;0.0;0.0;0.0;0.0;0.0;0.0;0.0;0.0;0.0;0.0;0.0;0.0;0.0;0.0;0.0;0.0;0.0;0.0;0.0;0.0;0.0;0.0;0.0;0.0;0.0;4.0;0.0;0.0;0.0;0.0;0.0;0.0;0.0;0.0;0.0;0.0;0.0;0.0;0.0
5478.0;3.0;1.0;0.0;0.0;1.0;0.0;0.0;3.0;0.0;0.0;3.0;0.0;0.0;0.0;0.0;0.0;0.0;0.0;0.0;0.0;0.0;0.0;0.0;0.0;3.0;0.0;0.0;0.0;0.0;0.0;0.0;3.0;0.0;0.0;0.0;3.0;0.0;0.0;0.0;0.0;0.0;0.0;0.0;0.0;0.0;0.0;3.0;0.0;0.0;0.0;0.0;4.0;0.0;0.0;0.0;0.0;0.0;0.0;0.0;0.0;0.0;0.0;2.0;0.0;0.0
5479.0;3.0;1.0;0.0;2.0;8.0;0.0;0.0;2.6;3.0;0.0;3.0;0.0;0.0;0.0;0.0;0.0;0.0;0.0;0.0;0.0;0.0;0.0;0.0;0.0;3.0;0.0;0.0;0.0;0.0;0.0;0.0;2.0;0.0;0.0;3.0;2.0;0.0;0.0;0.0;0.0;0.0;0.0;0.0;0.0;0.0;0.0;2.0;0.0;0.0;0.0;0.0;4.0;2.0;0.0;0.0;0.0;0.0;0.0;0.0;0.0;0.0;0.0;2.0;0.0;0.0
5481.0;3.0;1.0;0.0;1.0;11.0;0.0;3.0;2.727272727272727;2.0;0.0;5.0;0.0;0.0;0.0;0.0;1.0;0.0;0.0;0.0;0.0;0.0;0.0;0.0;0.0;4.0;0.0;0.0;0.0;0.0;0.0;0.0;1.0;0.0;0.0;2.0;3.0;0.0;0.0;0.0;0.0;0.0;0.0;0.0;0.0;0.0;0.0;0.0;0.0;0.0;0.0;0.0;5.0;3.0;0.0;0.0;0.0;0.0;0.0;0.0;0.0;0.0;0.0;3.0;0.0;0.0
5482.0;3.0;1.0;0.0;0.0;0.0;0.0;2.0;3.0952380952380953;5.0;5.0;3.0;0.0;3.0;0.0;2.0;3.0;0.0;0.0;2.0;2.0;0.0;0.0;0.0;0.0;2.0;3.0;0.0;0.0;0.0;0.0;0.0;4.0;0.0;0.0;5.0;2.0;0.0;0.0;0.0;0.0;0.0;3.0;0.0;0.0;0.0;0.0;4.0;0.0;0.0;4.0;0.0;4.0;3.0;0.0;0.0;0.0;0.0;0.0;0.0;0.0;0.0;0.0;4.0;0.0;0.0
5483.0;3.0;1.0;0.0;1.0;5.0;0.0;1.0;2.5;0.0;0.0;3.0;0.0;0.0;0.0;0.0;0.0;0.0;0.0;0.0;0.0;0.0;0.0;0.0;0.0;0.0;0.0;0.0;0.0;0.0;0.0;0.0;2.0;0.0;0.0;0.0;2.0;0.0;0.0;0.0;0.0;0.0;0.0;0.0;0.0;0.0;0.0;3.0;0.0;0.0;0.0;0.0;4.0;0.0;0.0;0.0;0.0;0.0;0.0;0.0;0.0;0.0;0.0;0.0;0.0;0.0
5485.0;3.0;1.0;0.0;1.0;5.0;0.0;2.0;3.0833333333333335;5.0;0.0;4.0;0.0;0.0;0.0;1.0;2.0;0.0;0.0;0.0;0.0;0.0;0.0;0.0;0.0;4.0;0.0;0.0;0.0;0.0;0.0;0.0;1.0;0.0;0.0;5.0;2.0;0.0;0.0;0.0;0.0;0.0;0.0;0.0;0.0;0.0;0.0;3.0;0.0;0.0;0.0;0.0;4.0;2.0;0.0;0.0;0.0;0.0;0.0;0.0;0.0;0.0;0.0;4.0;0.0;0.0
5486.0;3.0;1.0;0.0;0.0;2.0;0.0;2.0;2.1666666666666665;0.0;0.0;1.0;0.0;0.0;0.0;0.0;0.0;0.0;0.0;0.0;0.0;0.0;0.0;0.0;0.0;0.0;0.0;0.0;0.0;0.0;0.0;0.0;3.0;0.0;0.0;0.0;0.0;0.0;0.0;0.0;0.0;0.0;0.0;0.0;0.0;0.0;0.0;2.0;0.0;0.0;0.0;0.0;4.0;0.0;0.0;0.0;0.0;0.0;0.0;0.0;0.0;0.0;0.0;2.0;0.0;0.0
5496.0;3.0;1.0;0.0;0.0;2.0;0.0;0.0;2.5714285714285716;3.0;0.0;0.0;0.0;0.0;0.0;0.0;2.0;0.0;0.0;0.0;0.0;0.0;0.0;0.0;0.0;0.0;0.0;0.0;0.0;0.0;0.0;0.0;2.0;0.0;0.0;0.0;2.0;0.0;0.0;0.0;0.0;0.0;0.0;0.0;0.0;0.0;0.0;2.0;0.0;0.0;0.0;0.0;5.0;0.0;0.0;0.0;0.0;0.0;0.0;0.0;0.0;0.0;0.0;2.0;0.0;0.0
5497.0;3.0;1.0;0.0;1.0;12.0;0.0;2.0;2.7142857142857144;3.0;0.0;3.0;0.0;0.0;0.0;0.0;2.0;0.0;0.0;2.0;0.0;0.0;0.0;0.0;0.0;2.0;0.0;0.0;0.0;0.0;0.0;0.0;0.0;0.0;0.0;0.0;2.0;0.0;0.0;0.0;0.0;0.0;3.0;0.0;0.0;0.0;0.0;3.0;0.0;0.0;2.0;0.0;5.0;5.0;0.0;0.0;0.0;0.0;0.0;0.0;0.0;0.0;0.0;4.0;0.0;0.0
5498.0;4.0;2.0;0.0;5.0;8.0;0.0;6.0;2.7666666666666666;5.0;1.0;3.0;0.0;2.0;0.0;3.0;2.0;0.0;0.0;0.0;0.0;0.0;0.0;0.0;0.0;2.0;2.0;1.0;0.0;0.0;2.0;0.0;2.0;0.0;0.0;5.0;3.0;5.0;3.0;0.0;0.0;4.0;1.0;0.0;0.0;0.0;0.0;3.0;0.0;0.0;2.0;0.0;5.0;4.0;3.0;0.0;0.0;0.0;0.0;0.0;3.0;2.0;4.0;3.0;5.0;0.0
5504.0;4.0;1.0;0.0;7.0;1.0;1.0;5.0;2.742857142857143;4.0;2.0;2.0;0.0;2.0;0.0;0.0;2.0;0.0;3.0;3.0;2.0;0.0;0.0;0.0;0.0;3.0;3.0;0.0;0.0;0.0;2.0;0.0;2.0;3.0;0.0;3.0;3.0;5.0;5.0;0.0;0.0;0.0;2.0;4.0;0.0;0.0;0.0;2.0;3.0;0.0;0.0;4.0;5.0;4.0;3.0;0.0;0.0;0.0;0.0;0.0;3.0;3.0;0.0;3.0;3.0;3.0
5505.0;3.0;1.0;0.0;0.0;1.0;0.0;1.0;2.857142857142857;0.0;0.0;1.0;0.0;0.0;0.0;0.0;0.0;0.0;0.0;0.0;0.0;0.0;0.0;0.0;0.0;2.0;0.0;0.0;0.0;0.0;0.0;0.0;4.0;0.0;0.0;0.0;4.0;0.0;0.0;0.0;0.0;0.0;0.0;0.0;0.0;0.0;0.0;3.0;0.0;0.0;0.0;0.0;4.0;0.0;0.0;0.0;0.0;0.0;0.0;0.0;0.0;0.0;0.0;2.0;0.0;0.0
5506.0;3.0;1.0;0.0;0.0;0.0;1.0;0.0;4.0;0.0;0.0;5.0;0.0;0.0;0.0;0.0;3.0;0.0;0.0;3.0;0.0;0.0;0.0;0.0;0.0;4.0;0.0;0.0;0.0;0.0;0.0;0.0;5.0;0.0;0.0;0.0;4.0;0.0;0.0;0.0;0.0;0.0;0.0;0.0;0.0;0.0;0.0;4.0;0.0;0.0;4.0;0.0;5.0;0.0;0.0;0.0;0.0;0.0;0.0;0.0;0.0;0.0;0.0;3.0;0.0;0.0
5509.0;3.0;1.0;0.0;0.0;1.0;0.0;1.0;2.875;0.0;0.0;3.0;0.0;0.0;0.0;0.0;1.0;0.0;0.0;0.0;0.0;0.0;0.0;0.0;0.0;4.0;0.0;0.0;0.0;0.0;0.0;0.0;3.0;0.0;0.0;0.0;4.0;0.0;0.0;0.0;0.0;0.0;0.0;0.0;0.0;0.0;0.0;2.0;0.0;0.0;0.0;0.0;4.0;0.0;0.0;0.0;0.0;0.0;0.0;0.0;0.0;0.0;0.0;2.0;0.0;0.0
5511.0;4.0;1.0;0.0;5.0;1.0;1.0;2.0;2.857142857142857;4.0;0.0;4.0;0.0;0.0;0.0;0.0;2.0;0.0;0.0;0.0;0.0;0.0;0.0;0.0;0.0;2.0;0.0;0.0;0.0;0.0;2.0;0.0;3.0;0.0;0.0;0.0;3.0;5.0;4.0;0.0;0.0;2.0;0.0;0.0;0.0;0.0;0.0;2.0;0.0;0.0;0.0;3.0;4.0;4.0;3.0;0.0;0.0;0.0;0.0;0.0;0.0;2.0;0.0;2.0;4.0;3.0
5513.0;3.0;1.0;0.0;0.0;3.0;0.0;3.0;2.2857142857142856;0.0;0.0;1.0;0.0;0.0;0.0;0.0;2.0;0.0;0.0;0.0;0.0;0.0;0.0;0.0;0.0;0.0;0.0;0.0;0.0;0.0;0.0;0.0;4.0;0.0;0.0;0.0;3.0;0.0;0.0;0.0;0.0;0.0;0.0;0.0;0.0;0.0;0.0;1.0;0.0;0.0;0.0;0.0;4.0;0.0;0.0;0.0;0.0;0.0;0.0;0.0;0.0;0.0;0.0;1.0;0.0;0.0
5515.0;3.0;1.0;0.0;0.0;0.0;0.0;0.0;3.375;0.0;0.0;5.0;0.0;0.0;0.0;0.0;2.0;0.0;0.0;0.0;0.0;0.0;0.0;0.0;0.0;0.0;0.0;0.0;0.0;0.0;0.0;0.0;3.0;0.0;0.0;0.0;4.0;0.0;0.0;0.0;0.0;0.0;0.0;0.0;0.0;0.0;0.0;2.0;0.0;0.0;2.0;0.0;4.0;0.0;0.0;0.0;0.0;0.0;0.0;0.0;0.0;0.0;0.0;5.0;0.0;0.0
5516.0;2.0;1.0;0.0;3.0;4.0;5.0;2.0;3.559322033898305;3.0;2.0;5.0;2.0;2.0;3.0;4.0;3.0;2.0;5.0;2.0;4.0;2.0;4.0;4.0;5.0;5.0;4.0;3.0;3.0;3.0;4.0;3.0;4.0;3.0;4.0;5.0;5.0;5.0;5.0;5.0;5.0;4.0;3.0;4.0;5.0;5.0;3.0;4.0;5.0;2.0;3.0;4.0;5.0;4.0;5.0;4.0;2.0;4.0;3.0;3.0;3.0;2.0;5.0;2.0;3.0;3.0
5517.0;3.0;1.0;0.0;0.0;2.0;0.0;2.0;2.2;0.0;0.0;1.0;0.0;0.0;0.0;0.0;0.0;0.0;0.0;0.0;0.0;0.0;0.0;0.0;0.0;0.0;0.0;0.0;0.0;0.0;0.0;0.0;3.0;0.0;0.0;0.0;0.0;0.0;0.0;0.0;0.0;0.0;0.0;0.0;0.0;0.0;0.0;1.0;0.0;0.0;0.0;0.0;4.0;0.0;0.0;0.0;0.0;0.0;0.0;0.0;0.0;0.0;0.0;2.0;0.0;0.0
5518.0;3.0;1.0;0.0;0.0;0.0;0.0;0.0;2.8;0.0;0.0;3.0;0.0;0.0;0.0;0.0;0.0;0.0;0.0;0.0;0.0;0.0;0.0;0.0;0.0;0.0;0.0;0.0;0.0;0.0;0.0;0.0;3.0;0.0;0.0;0.0;0.0;0.0;0.0;0.0;0.0;0.0;0.0;0.0;0.0;0.0;0.0;2.0;0.0;0.0;0.0;0.0;4.0;0.0;0.0;0.0;0.0;0.0;0.0;0.0;0.0;0.0;0.0;2.0;0.0;0.0
5521.0;2.0;1.0;0.0;2.0;9.0;2.0;0.0;3.5789473684210527;5.0;3.0;3.0;3.0;3.0;4.0;4.0;4.0;2.0;5.0;2.0;4.0;2.0;4.0;2.0;4.0;4.0;2.0;2.0;4.0;2.0;4.0;3.0;4.0;3.0;4.0;5.0;5.0;5.0;5.0;5.0;5.0;4.0;2.0;3.0;4.0;4.0;2.0;4.0;3.0;4.0;3.0;5.0;5.0;4.0;4.0;4.0;2.0;4.0;3.0;3.0;3.0;3.0;3.0;4.0;4.0;4.0
5542.0;4.0;1.0;1.0;6.0;4.0;0.0;10.0;2.5348837209302326;3.0;2.0;0.0;2.0;3.0;2.0;2.0;0.0;0.0;3.0;3.0;0.0;0.0;0.0;0.0;3.0;0.0;2.0;0.0;0.0;1.0;2.0;2.0;0.0;3.0;4.0;4.0;0.0;3.0;3.0;5.0;4.0;4.0;2.0;0.0;4.0;5.0;0.0;0.0;3.0;0.0;3.0;3.0;0.0;2.0;3.0;0.0;0.0;0.0;0.0;0.0;3.0;2.0;4.0;0.0;3.0;3.0
5582.0;3.0;1.0;0.0;3.0;9.0;0.0;6.0;2.6944444444444446;3.0;1.0;3.0;0.0;2.0;2.0;2.0;3.0;0.0;0.0;2.0;0.0;0.0;0.0;0.0;0.0;3.0;2.0;0.0;0.0;0.0;3.0;3.0;2.0;2.0;3.0;4.0;3.0;3.0;5.0;4.0;5.0;4.0;0.0;0.0;0.0;0.0;0.0;2.0;0.0;0.0;2.0;0.0;4.0;2.0;3.0;0.0;0.0;0.0;0.0;0.0;4.0;3.0;5.0;3.0;0.0;0.0
5612.0;2.0;1.0;0.0;3.0;1.0;0.0;11.0;2.676470588235294;4.0;2.0;4.0;2.0;2.0;2.0;3.0;2.0;3.0;3.0;2.0;2.0;2.0;2.0;3.0;3.0;2.0;2.0;4.0;3.0;2.0;3.0;2.0;3.0;3.0;2.0;4.0;5.0;4.0;3.0;5.0;5.0;4.0;2.0;5.0;3.0;5.0;3.0;3.0;3.0;3.0;3.0;4.0;2.0;4.0;3.0;2.0;2.0;3.0;4.0;2.0;4.0;2.0;2.0;3.0;4.0;3.0
5613.0;3.0;1.0;0.0;2.0;2.0;0.0;0.0;3.9705882352941178;5.0;4.0;5.0;0.0;4.0;3.0;5.0;4.0;0.0;0.0;2.0;5.0;3.0;0.0;0.0;5.0;4.0;4.0;3.0;0.0;0.0;3.0;0.0;5.0;0.0;4.0;4.0;4.0;3.0;4.0;0.0;0.0;5.0;4.0;0.0;0.0;0.0;0.0;3.0;4.0;0.0;4.0;0.0;4.0;4.0;3.0;4.0;0.0;0.0;0.0;0.0;4.0;5.0;5.0;3.0;0.0;0.0
5615.0;2.0;1.0;0.0;5.0;16.0;1.0;8.0;3.1384615384615384;4.0;3.0;5.0;2.0;2.0;2.0;3.0;3.0;2.0;3.0;2.0;3.0;2.0;4.0;4.0;5.0;3.0;4.0;5.0;3.0;4.0;3.0;2.0;4.0;3.0;4.0;3.0;5.0;4.0;4.0;5.0;5.0;4.0;2.0;4.0;3.0;5.0;3.0;4.0;5.0;2.0;2.0;4.0;3.0;4.0;4.0;3.0;3.0;2.0;3.0;3.0;4.0;5.0;4.0;3.0;4.0;3.0
5616.0;2.0;1.0;0.0;4.0;2.0;0.0;4.0;3.4918032786885247;5.0;4.0;3.0;4.0;4.0;3.0;4.0;4.0;4.0;4.0;3.0;3.0;2.0;2.0;5.0;5.0;3.0;3.0;3.0;3.0;3.0;3.0;3.0;4.0;4.0;4.0;5.0;5.0;4.0;3.0;5.0;5.0;4.0;3.0;4.0;5.0;5.0;2.0;2.0;3.0;2.0;2.0;3.0;4.0;4.0;4.0;4.0;5.0;3.0;4.0;2.0;4.0;5.0;5.0;3.0;4.0;4.0
5618.0;3.0;1.0;0.0;2.0;4.0;0.0;12.0;2.642857142857143;4.0;2.0;2.0;1.0;1.0;1.0;2.0;3.0;0.0;0.0;0.0;0.0;0.0;0.0;0.0;0.0;4.0;2.0;0.0;0.0;0.0;4.0;1.0;2.0;2.0;4.0;5.0;5.0;4.0;5.0;5.0;5.0;3.0;0.0;0.0;3.0;0.0;0.0;2.0;0.0;0.0;0.0;1.0;3.0;4.0;3.0;2.0;0.0;0.0;0.0;0.0;4.0;3.0;3.0;2.0;3.0;4.0
5621.0;3.0;1.0;0.0;4.0;8.0;1.0;19.0;2.1956521739130435;4.0;2.0;3.0;0.0;0.0;0.0;3.0;3.0;0.0;0.0;0.0;0.0;0.0;0.0;0.0;3.0;3.0;1.0;0.0;0.0;0.0;2.0;3.0;4.0;1.0;3.0;4.0;4.0;5.0;4.0;0.0;0.0;2.0;2.0;0.0;3.0;0.0;0.0;2.0;1.0;0.0;2.0;4.0;2.0;2.0;0.0;0.0;0.0;0.0;0.0;0.0;4.0;0.0;0.0;3.0;3.0;3.0
5625.0;4.0;2.0;0.0;5.0;2.0;0.0;17.0;2.53125;4.0;4.0;4.0;2.0;2.0;2.0;2.0;2.0;0.0;0.0;1.0;0.0;0.0;0.0;0.0;2.0;3.0;2.0;2.0;0.0;2.0;2.0;2.0;4.0;2.0;3.0;4.0;5.0;4.0;3.0;5.0;5.0;4.0;2.0;4.0;5.0;3.0;0.0;3.0;2.0;0.0;2.0;4.0;2.0;3.0;4.0;2.0;3.0;3.0;4.0;2.0;5.0;3.0;4.0;2.0;4.0;3.0
5626.0;2.0;1.0;0.0;3.0;3.0;1.0;3.0;3.533333333333333;4.0;3.0;3.0;4.0;3.0;3.0;3.0;3.0;3.0;4.0;3.0;3.0;3.0;3.0;5.0;5.0;3.0;3.0;3.0;4.0;3.0;4.0;4.0;4.0;4.0;4.0;5.0;5.0;4.0;5.0;5.0;5.0;4.0;3.0;5.0;5.0;4.0;4.0;3.0;4.0;3.0;2.0;4.0;4.0;3.0;3.0;3.0;4.0;3.0;4.0;2.0;3.0;3.0;5.0;3.0;4.0;4.0
5627.0;2.0;1.0;0.0;3.0;3.0;0.0;3.0;3.5166666666666666;4.0;4.0;4.0;5.0;3.0;3.0;3.0;4.0;2.0;4.0;4.0;2.0;3.0;3.0;5.0;5.0;5.0;2.0;2.0;3.0;3.0;5.0;3.0;5.0;3.0;4.0;5.0;5.0;4.0;3.0;5.0;5.0;4.0;2.0;4.0;4.0;4.0;3.0;2.0;4.0;4.0;3.0;3.0;3.0;4.0;3.0;4.0;4.0;4.0;4.0;4.0;3.0;3.0;5.0;3.0;4.0;3.0
5630.0;2.0;1.0;0.0;3.0;0.0;0.0;6.0;3.015873015873016;4.0;3.0;4.0;3.0;3.0;2.0;3.0;4.0;2.0;4.0;3.0;3.0;2.0;2.0;5.0;3.0;2.0;3.0;2.0;3.0;2.0;3.0;2.0;5.0;3.0;3.0;4.0;5.0;4.0;4.0;5.0;5.0;3.0;2.0;5.0;4.0;4.0;2.0;3.0;4.0;2.0;2.0;2.0;3.0;4.0;3.0;3.0;4.0;3.0;3.0;3.0;4.0;2.0;5.0;2.0;4.0;3.0
5631.0;3.0;1.0;0.0;1.0;1.0;3.0;3.0;3.75;5.0;5.0;4.0;0.0;4.0;3.0;4.0;3.0;0.0;0.0;2.0;5.0;2.0;0.0;0.0;5.0;3.0;4.0;4.0;0.0;0.0;4.0;0.0;5.0;2.0;4.0;5.0;5.0;4.0;5.0;0.0;0.0;4.0;4.0;5.0;5.0;0.0;0.0;3.0;4.0;0.0;2.0;0.0;3.0;4.0;5.0;4.0;0.0;0.0;0.0;0.0;5.0;4.0;5.0;3.0;0.0;0.0
5632.0;3.0;1.0;0.0;0.0;0.0;0.0;0.0;4.0;0.0;0.0;0.0;0.0;0.0;0.0;0.0;0.0;0.0;0.0;0.0;0.0;0.0;0.0;0.0;0.0;0.0;0.0;0.0;0.0;0.0;0.0;0.0;0.0;0.0;0.0;0.0;4.0;0.0;0.0;0.0;0.0;0.0;0.0;0.0;0.0;0.0;0.0;0.0;0.0;0.0;0.0;0.0;0.0;0.0;0.0;0.0;0.0;0.0;0.0;0.0;0.0;0.0;0.0;0.0;0.0;0.0
5637.0;3.0;1.0;0.0;1.0;3.0;0.0;2.0;2.8947368421052633;4.0;1.0;3.0;0.0;0.0;0.0;0.0;3.0;0.0;0.0;0.0;0.0;0.0;0.0;0.0;0.0;4.0;0.0;0.0;0.0;0.0;0.0;0.0;4.0;0.0;0.0;3.0;3.0;4.0;3.0;0.0;0.0;3.0;0.0;0.0;0.0;0.0;0.0;2.0;0.0;0.0;0.0;0.0;3.0;2.0;3.0;0.0;0.0;0.0;0.0;0.0;4.0;3.0;0.0;2.0;0.0;0.0
5638.0;3.0;1.0;0.0;2.0;3.0;0.0;5.0;2.9393939393939394;4.0;2.0;2.0;0.0;1.0;0.0;2.0;3.0;0.0;0.0;0.0;0.0;0.0;0.0;0.0;4.0;3.0;3.0;0.0;0.0;0.0;3.0;0.0;3.0;3.0;4.0;5.0;4.0;4.0;3.0;5.0;0.0;4.0;0.0;0.0;0.0;0.0;0.0;3.0;0.0;0.0;2.0;3.0;3.0;4.0;3.0;0.0;0.0;0.0;0.0;0.0;4.0;3.0;4.0;2.0;0.0;0.0
5639.0;2.0;1.0;0.0;3.0;5.0;0.0;7.0;3.21875;4.0;3.0;4.0;4.0;3.0;3.0;4.0;4.0;2.0;3.0;4.0;4.0;2.0;2.0;5.0;5.0;3.0;3.0;4.0;2.0;2.0;3.0;2.0;4.0;4.0;4.0;5.0;5.0;4.0;3.0;5.0;5.0;4.0;3.0;3.0;4.0;3.0;3.0;2.0;3.0;4.0;5.0;3.0;3.0;4.0;5.0;4.0;2.0;3.0;4.0;2.0;4.0;3.0;5.0;2.0;4.0;3.0
5640.0;2.0;1.0;0.0;6.0;8.0;2.0;14.0;2.76056338028169;5.0;2.0;3.0;3.0;3.0;2.0;2.0;4.0;2.0;4.0;2.0;2.0;2.0;5.0;5.0;5.0;3.0;3.0;2.0;2.0;2.0;3.0;2.0;4.0;3.0;3.0;5.0;5.0;5.0;5.0;5.0;5.0;4.0;2.0;4.0;2.0;4.0;2.0;3.0;2.0;3.0;2.0;2.0;3.0;3.0;4.0;5.0;2.0;3.0;2.0;2.0;4.0;2.0;4.0;3.0;4.0;3.0
5641.0;3.0;1.0;0.0;4.0;6.0;0.0;13.0;2.477272727272727;4.0;2.0;2.0;1.0;2.0;0.0;2.0;3.0;0.0;0.0;0.0;0.0;0.0;0.0;0.0;4.0;3.0;3.0;0.0;0.0;0.0;2.0;4.0;3.0;2.0;4.0;5.0;5.0;4.0;3.0;0.0;0.0;3.0;0.0;0.0;3.0;4.0;0.0;3.0;0.0;0.0;1.0;3.0;2.0;3.0;3.0;0.0;0.0;0.0;0.0;0.0;3.0;3.0;1.0;3.0;3.0;3.0
5642.0;2.0;1.0;0.0;4.0;2.0;0.0;4.0;3.5901639344262297;5.0;4.0;3.0;4.0;3.0;4.0;5.0;4.0;2.0;4.0;3.0;3.0;3.0;3.0;5.0;3.0;5.0;3.0;2.0;3.0;3.0;5.0;2.0;5.0;2.0;5.0;5.0;5.0;4.0;4.0;5.0;5.0;4.0;4.0;4.0;4.0;4.0;2.0;3.0;3.0;4.0;2.0;4.0;5.0;4.0;5.0;3.0;4.0;4.0;4.0;2.0;4.0;4.0;5.0;4.0;4.0;4.0
5643.0;4.0;1.0;0.0;4.0;8.0;0.0;5.0;3.2903225806451615;5.0;2.0;4.0;4.0;3.0;2.0;4.0;3.0;2.0;4.0;2.0;3.0;2.0;2.0;3.0;5.0;3.0;3.0;2.0;3.0;3.0;4.0;3.0;5.0;3.0;3.0;5.0;5.0;5.0;3.0;5.0;5.0;3.0;2.0;5.0;5.0;5.0;4.0;4.0;3.0;2.0;2.0;3.0;3.0;5.0;4.0;3.0;3.0;3.0;3.0;3.0;4.0;5.0;4.0;3.0;4.0;4.0
5644.0;4.0;1.0;0.0;7.0;2.0;0.0;8.0;1.9583333333333333;2.0;0.0;0.0;0.0;0.0;0.0;2.0;2.0;0.0;0.0;4.0;0.0;0.0;0.0;0.0;0.0;2.0;3.0;0.0;0.0;0.0;0.0;0.0;3.0;2.0;3.0;0.0;3.0;0.0;0.0;0.0;0.0;2.0;0.0;0.0;0.0;0.0;0.0;2.0;0.0;0.0;1.0;0.0;2.0;3.0;1.0;0.0;0.0;0.0;0.0;0.0;0.0;2.0;0.0;2.0;0.0;0.0
5646.0;3.0;1.0;0.0;3.0;3.0;0.0;8.0;2.392857142857143;0.0;0.0;2.0;0.0;1.0;0.0;2.0;2.0;0.0;0.0;0.0;0.0;0.0;0.0;0.0;0.0;2.0;1.0;0.0;0.0;1.0;3.0;0.0;3.0;3.0;3.0;3.0;3.0;4.0;0.0;0.0;0.0;3.0;0.0;0.0;0.0;0.0;0.0;0.0;0.0;0.0;0.0;3.0;4.0;3.0;4.0;0.0;0.0;0.0;0.0;0.0;3.0;2.0;0.0;3.0;4.0;0.0
5659.0;3.0;1.0;1.0;3.0;2.0;0.0;5.0;2.625;0.0;0.0;0.0;2.0;3.0;0.0;0.0;0.0;0.0;3.0;0.0;0.0;0.0;0.0;0.0;0.0;0.0;3.0;0.0;0.0;2.0;2.0;2.0;5.0;3.0;0.0;0.0;0.0;0.0;4.0;0.0;0.0;0.0;2.0;3.0;3.0;5.0;0.0;3.0;4.0;0.0;0.0;0.0;0.0;0.0;0.0;0.0;0.0;0.0;0.0;1.0;0.0;0.0;3.0;0.0;3.0;3.0
5677.0;3.0;1.0;0.0;3.0;2.0;0.0;4.0;2.576923076923077;3.0;0.0;3.0;0.0;0.0;0.0;2.0;2.0;0.0;0.0;0.0;0.0;0.0;0.0;0.0;0.0;2.0;0.0;0.0;0.0;1.0;2.0;0.0;4.0;3.0;2.0;5.0;4.0;4.0;0.0;0.0;0.0;2.0;0.0;0.0;0.0;0.0;0.0;0.0;0.0;0.0;0.0;3.0;3.0;3.0;3.0;0.0;0.0;0.0;0.0;0.0;2.0;2.0;0.0;2.0;3.0;4.0
5678.0;3.0;1.0;0.0;3.0;2.0;0.0;15.0;2.372093023255814;4.0;0.0;2.0;0.0;0.0;0.0;1.0;2.0;0.0;0.0;0.0;0.0;0.0;0.0;0.0;0.0;2.0;2.0;0.0;0.0;1.0;2.0;0.0;3.0;3.0;4.0;5.0;4.0;5.0;4.0;5.0;5.0;3.0;3.0;0.0;0.0;0.0;0.0;2.0;0.0;0.0;0.0;3.0;3.0;3.0;3.0;0.0;0.0;0.0;2.0;0.0;2.0;2.0;0.0;2.0;4.0;3.0
5679.0;3.0;1.0;0.0;3.0;3.0;0.0;19.0;2.1041666666666665;3.0;3.0;2.0;0.0;0.0;0.0;2.0;2.0;0.0;0.0;0.0;0.0;0.0;0.0;0.0;2.0;4.0;2.0;0.0;1.0;2.0;2.0;1.0;3.0;2.0;4.0;5.0;4.0;5.0;4.0;5.0;0.0;3.0;1.0;0.0;0.0;0.0;0.0;2.0;0.0;0.0;0.0;3.0;2.0;2.0;2.0;0.0;0.0;0.0;1.0;0.0;2.0;2.0;0.0;2.0;3.0;3.0
5680.0;3.0;1.0;0.0;1.0;3.0;0.0;6.0;2.782608695652174;5.0;2.0;4.0;0.0;1.0;0.0;2.0;2.0;0.0;0.0;0.0;0.0;0.0;0.0;0.0;0.0;2.0;0.0;0.0;0.0;0.0;0.0;0.0;4.0;0.0;0.0;5.0;5.0;5.0;0.0;0.0;0.0;3.0;0.0;0.0;0.0;0.0;0.0;2.0;0.0;0.0;0.0;0.0;5.0;4.0;0.0;0.0;0.0;0.0;0.0;0.0;3.0;2.0;0.0;3.0;0.0;0.0
5681.0;4.0;1.0;0.0;6.0;8.0;0.0;19.0;2.021276595744681;3.0;1.0;2.0;0.0;2.0;0.0;2.0;2.0;0.0;0.0;1.0;0.0;0.0;0.0;0.0;0.0;2.0;2.0;0.0;0.0;1.0;2.0;2.0;3.0;2.0;0.0;5.0;4.0;5.0;3.0;5.0;0.0;2.0;1.0;0.0;2.0;0.0;0.0;3.0;0.0;0.0;0.0;2.0;3.0;4.0;2.0;0.0;0.0;0.0;2.0;0.0;2.0;2.0;1.0;3.0;3.0;0.0
5682.0;2.0;1.0;0.0;4.0;3.0;0.0;12.0;2.8405797101449277;4.0;2.0;3.0;3.0;2.0;3.0;3.0;3.0;2.0;3.0;2.0;3.0;2.0;4.0;4.0;4.0;2.0;2.0;2.0;3.0;2.0;2.0;2.0;4.0;3.0;4.0;5.0;4.0;5.0;4.0;5.0;5.0;4.0;2.0;4.0;4.0;4.0;2.0;2.0;3.0;4.0;3.0;4.0;5.0;3.0;3.0;3.0;4.0;2.0;2.0;3.0;4.0;3.0;5.0;2.0;5.0;3.0
5683.0;4.0;1.0;0.0;5.0;2.0;1.0;12.0;2.5416666666666665;3.0;2.0;3.0;2.0;2.0;0.0;2.0;2.0;0.0;0.0;0.0;0.0;0.0;0.0;0.0;3.0;3.0;3.0;0.0;0.0;0.0;2.0;1.0;4.0;3.0;3.0;5.0;4.0;5.0;5.0;5.0;5.0;3.0;1.0;0.0;2.0;4.0;0.0;2.0;0.0;0.0;0.0;3.0;4.0;2.0;2.0;0.0;0.0;0.0;2.0;4.0;3.0;2.0;2.0;2.0;4.0;3.0
5684.0;2.0;1.0;0.0;6.0;10.0;2.0;12.0;2.971014492753623;4.0;3.0;4.0;2.0;3.0;3.0;3.0;3.0;2.0;4.0;2.0;3.0;2.0;3.0;3.0;4.0;4.0;2.0;3.0;4.0;4.0;4.0;2.0;3.0;3.0;4.0;5.0;5.0;5.0;5.0;5.0;5.0;4.0;3.0;5.0;3.0;4.0;2.0;2.0;4.0;3.0;3.0;4.0;4.0;3.0;4.0;2.0;3.0;4.0;2.0;2.0;3.0;4.0;4.0;3.0;4.0;3.0
5685.0;2.0;1.0;0.0;7.0;2.0;1.0;6.0;2.9682539682539684;5.0;3.0;3.0;2.0;2.0;4.0;2.0;3.0;2.0;4.0;2.0;4.0;2.0;2.0;5.0;4.0;2.0;2.0;2.0;3.0;2.0;3.0;3.0;3.0;4.0;4.0;5.0;5.0;5.0;5.0;4.0;4.0;4.0;2.0;3.0;3.0;4.0;3.0;3.0;2.0;2.0;2.0;4.0;5.0;4.0;4.0;3.0;4.0;3.0;2.0;4.0;2.0;2.0;2.0;3.0;4.0;2.0
5686.0;4.0;1.0;0.0;6.0;7.0;1.0;21.0;2.466666666666667;3.0;2.0;5.0;3.0;2.0;2.0;2.0;4.0;0.0;0.0;0.0;0.0;0.0;0.0;0.0;3.0;2.0;3.0;0.0;0.0;2.0;3.0;2.0;4.0;2.0;4.0;5.0;3.0;5.0;4.0;5.0;5.0;3.0;1.0;0.0;2.0;4.0;0.0;2.0;0.0;0.0;1.0;3.0;5.0;5.0;4.0;2.0;0.0;0.0;2.0;0.0;3.0;3.0;4.0;4.0;3.0;3.0
5731.0;2.0;1.0;0.0;3.0;0.0;1.0;2.0;3.6440677966101696;5.0;4.0;5.0;3.0;4.0;4.0;3.0;2.0;2.0;5.0;2.0;5.0;2.0;2.0;4.0;4.0;3.0;4.0;4.0;4.0;3.0;4.0;2.0;4.0;4.0;4.0;5.0;3.0;5.0;5.0;5.0;5.0;5.0;2.0;4.0;5.0;4.0;3.0;3.0;4.0;4.0;2.0;4.0;4.0;4.0;3.0;5.0;5.0;3.0;3.0;3.0;3.0;2.0;5.0;4.0;5.0;4.0
5742.0;2.0;1.0;0.0;3.0;2.0;1.0;4.0;3.377049180327869;4.0;3.0;4.0;2.0;3.0;2.0;2.0;3.0;3.0;4.0;2.0;3.0;2.0;3.0;5.0;4.0;3.0;3.0;2.0;3.0;3.0;4.0;3.0;4.0;4.0;3.0;5.0;5.0;3.0;4.0;5.0;5.0;3.0;2.0;5.0;5.0;4.0;4.0;2.0;4.0;3.0;3.0;4.0;4.0;5.0;4.0;4.0;5.0;4.0;4.0;3.0;4.0;3.0;5.0;3.0;4.0;3.0
5744.0;3.0;1.0;0.0;3.0;1.0;1.0;7.0;3.3;5.0;5.0;4.0;3.0;2.0;2.0;2.0;3.0;0.0;4.0;2.0;0.0;0.0;0.0;0.0;5.0;0.0;2.0;2.0;2.0;3.0;0.0;4.0;0.0;4.0;3.0;5.0;5.0;5.0;5.0;5.0;5.0;4.0;0.0;5.0;5.0;3.0;0.0;2.0;3.0;0.0;3.0;4.0;3.0;5.0;4.0;0.0;4.0;0.0;3.0;0.0;4.0;4.0;4.0;3.0;4.0;4.0
5746.0;3.0;1.0;0.0;0.0;0.0;0.0;1.0;2.0;0.0;0.0;3.0;0.0;0.0;0.0;0.0;2.0;0.0;0.0;0.0;0.0;0.0;0.0;0.0;0.0;0.0;0.0;0.0;0.0;0.0;0.0;0.0;0.0;0.0;0.0;0.0;0.0;0.0;0.0;0.0;0.0;0.0;0.0;0.0;0.0;0.0;0.0;2.0;0.0;0.0;0.0;0.0;0.0;0.0;0.0;0.0;0.0;0.0;0.0;0.0;0.0;0.0;0.0;2.0;0.0;0.0
5747.0;3.0;1.0;0.0;0.0;0.0;0.0;4.0;1.9;0.0;0.0;2.0;0.0;0.0;0.0;0.0;2.0;0.0;0.0;0.0;0.0;0.0;0.0;0.0;0.0;2.0;0.0;0.0;0.0;0.0;0.0;0.0;4.0;0.0;0.0;0.0;3.0;0.0;0.0;0.0;0.0;0.0;0.0;0.0;0.0;0.0;0.0;0.0;0.0;0.0;0.0;0.0;2.0;0.0;0.0;0.0;0.0;0.0;0.0;0.0;0.0;0.0;0.0;1.0;0.0;0.0
5748.0;3.0;1.0;0.0;0.0;0.0;0.0;1.0;3.3333333333333335;0.0;0.0;4.0;0.0;0.0;0.0;0.0;3.0;0.0;0.0;0.0;0.0;0.0;0.0;0.0;0.0;3.0;0.0;0.0;0.0;0.0;0.0;0.0;5.0;0.0;0.0;0.0;5.0;0.0;0.0;0.0;0.0;0.0;0.0;0.0;0.0;0.0;0.0;2.0;0.0;0.0;0.0;0.0;4.0;0.0;0.0;0.0;0.0;0.0;0.0;0.0;0.0;0.0;0.0;3.0;0.0;0.0
5749.0;3.0;1.0;0.0;0.0;2.0;0.0;1.0;2.4;0.0;0.0;1.0;0.0;0.0;0.0;0.0;0.0;0.0;0.0;0.0;0.0;0.0;0.0;0.0;0.0;0.0;0.0;0.0;0.0;0.0;0.0;0.0;3.0;0.0;0.0;0.0;3.0;0.0;0.0;0.0;0.0;0.0;0.0;0.0;0.0;0.0;0.0;0.0;0.0;0.0;0.0;0.0;2.0;0.0;0.0;0.0;0.0;0.0;0.0;0.0;0.0;0.0;0.0;3.0;0.0;0.0
5750.0;3.0;1.0;1.0;1.0;1.0;0.0;6.0;2.2142857142857144;3.0;0.0;0.0;0.0;1.0;0.0;1.0;0.0;0.0;0.0;0.0;0.0;0.0;0.0;0.0;0.0;0.0;0.0;0.0;0.0;0.0;2.0;0.0;0.0;0.0;0.0;5.0;0.0;4.0;0.0;0.0;0.0;3.0;2.0;0.0;0.0;0.0;0.0;0.0;0.0;0.0;0.0;0.0;0.0;1.0;0.0;0.0;0.0;0.0;0.0;0.0;3.0;3.0;0.0;0.0;0.0;0.0
5758.0;3.0;1.0;0.0;1.0;2.0;0.0;2.0;2.375;0.0;0.0;0.0;0.0;0.0;0.0;0.0;3.0;0.0;0.0;0.0;0.0;0.0;0.0;0.0;0.0;3.0;0.0;0.0;0.0;0.0;0.0;0.0;3.0;0.0;0.0;0.0;3.0;0.0;0.0;0.0;0.0;0.0;0.0;0.0;0.0;0.0;0.0;0.0;0.0;0.0;0.0;0.0;2.0;0.0;0.0;0.0;0.0;0.0;0.0;0.0;0.0;0.0;0.0;3.0;0.0;0.0
5844.0;2.0;1.0;0.0;2.0;1.0;3.0;0.0;4.368421052631579;5.0;5.0;5.0;5.0;4.0;2.0;5.0;5.0;3.0;5.0;5.0;5.0;3.0;4.0;5.0;5.0;5.0;3.0;3.0;5.0;3.0;4.0;4.0;5.0;4.0;5.0;5.0;5.0;5.0;5.0;5.0;5.0;5.0;2.0;5.0;5.0;5.0;4.0;5.0;5.0;5.0;5.0;5.0;4.0;4.0;5.0;3.0;3.0;4.0;4.0;4.0;3.0;5.0;5.0;4.0;4.0;4.0
5848.0;2.0;1.0;0.0;3.0;2.0;1.0;4.0;3.360655737704918;5.0;5.0;3.0;4.0;4.0;3.0;5.0;3.0;2.0;2.0;3.0;2.0;3.0;2.0;3.0;4.0;4.0;2.0;3.0;3.0;4.0;2.0;4.0;5.0;3.0;5.0;5.0;5.0;5.0;5.0;5.0;5.0;3.0;2.0;5.0;4.0;4.0;3.0;2.0;4.0;3.0;3.0;5.0;3.0;3.0;4.0;3.0;3.0;4.0;3.0;3.0;3.0;2.0;4.0;3.0;4.0;3.0
5850.0;3.0;1.0;0.0;3.0;3.0;0.0;7.0;2.56;3.0;3.0;3.0;0.0;0.0;0.0;2.0;2.0;0.0;0.0;0.0;0.0;0.0;0.0;0.0;0.0;1.0;0.0;0.0;0.0;0.0;1.0;0.0;4.0;0.0;0.0;3.0;4.0;4.0;4.0;5.0;0.0;3.0;1.0;0.0;0.0;0.0;0.0;3.0;0.0;0.0;2.0;0.0;4.0;1.0;0.0;0.0;0.0;0.0;0.0;0.0;3.0;2.0;0.0;3.0;1.0;0.0
5851.0;3.0;1.0;0.0;3.0;3.0;0.0;7.0;2.619047619047619;4.0;0.0;0.0;0.0;0.0;0.0;2.0;2.0;0.0;0.0;0.0;0.0;0.0;0.0;0.0;0.0;3.0;0.0;0.0;0.0;0.0;0.0;0.0;4.0;1.0;0.0;5.0;5.0;4.0;4.0;5.0;0.0;1.0;0.0;0.0;0.0;0.0;0.0;0.0;0.0;0.0;2.0;0.0;3.0;1.0;0.0;0.0;0.0;0.0;0.0;0.0;0.0;0.0;1.0;2.0;1.0;3.0
5853.0;2.0;1.0;0.0;4.0;2.0;1.0;8.0;3.353846153846154;4.0;3.0;5.0;4.0;2.0;2.0;2.0;5.0;3.0;4.0;4.0;2.0;3.0;3.0;3.0;4.0;3.0;3.0;2.0;3.0;3.0;4.0;4.0;5.0;3.0;5.0;5.0;5.0;5.0;5.0;5.0;5.0;4.0;2.0;5.0;5.0;5.0;2.0;3.0;5.0;3.0;3.0;5.0;4.0;4.0;5.0;3.0;3.0;3.0;3.0;3.0;3.0;4.0;5.0;3.0;3.0;4.0
5855.0;3.0;1.0;0.0;3.0;6.0;0.0;8.0;2.7857142857142856;4.0;2.0;3.0;0.0;2.0;2.0;3.0;4.0;0.0;3.0;3.0;0.0;0.0;0.0;0.0;3.0;3.0;2.0;0.0;0.0;0.0;3.0;3.0;5.0;3.0;3.0;5.0;5.0;4.0;3.0;5.0;5.0;3.0;2.0;0.0;1.0;0.0;0.0;3.0;0.0;0.0;2.0;0.0;4.0;2.0;5.0;0.0;0.0;0.0;0.0;0.0;3.0;2.0;0.0;3.0;2.0;0.0
5856.0;2.0;1.0;0.0;5.0;5.0;0.0;10.0;3.1641791044776117;4.0;3.0;3.0;4.0;2.0;3.0;4.0;3.0;4.0;3.0;4.0;3.0;2.0;5.0;5.0;2.0;4.0;3.0;3.0;5.0;5.0;2.0;4.0;4.0;3.0;4.0;4.0;5.0;4.0;3.0;5.0;5.0;3.0;3.0;3.0;3.0;5.0;4.0;3.0;4.0;2.0;3.0;3.0;4.0;4.0;4.0;4.0;4.0;5.0;3.0;3.0;4.0;2.0;3.0;2.0;3.0;4.0
5857.0;3.0;1.0;0.0;4.0;6.0;1.0;13.0;2.6097560975609757;4.0;3.0;2.0;0.0;0.0;0.0;3.0;4.0;0.0;0.0;0.0;0.0;0.0;0.0;0.0;3.0;3.0;2.0;0.0;0.0;0.0;2.0;0.0;4.0;2.0;4.0;5.0;5.0;4.0;5.0;5.0;5.0;3.0;0.0;0.0;2.0;0.0;0.0;1.0;0.0;0.0;0.0;3.0;4.0;2.0;4.0;0.0;0.0;0.0;0.0;0.0;3.0;2.0;0.0;3.0;1.0;3.0
5858.0;2.0;1.0;0.0;3.0;3.0;1.0;5.0;3.338709677419355;5.0;4.0;3.0;4.0;3.0;3.0;4.0;5.0;3.0;4.0;4.0;2.0;3.0;2.0;2.0;4.0;2.0;3.0;3.0;3.0;3.0;3.0;3.0;5.0;3.0;5.0;5.0;4.0;5.0;5.0;5.0;5.0;3.0;3.0;5.0;4.0;4.0;3.0;4.0;4.0;4.0;3.0;4.0;4.0;3.0;3.0;3.0;3.0;4.0;3.0;2.0;3.0;3.0;4.0;3.0;3.0;3.0
5876.0;3.0;1.0;1.0;3.0;1.0;0.0;0.0;3.5;0.0;0.0;0.0;0.0;0.0;0.0;0.0;0.0;0.0;0.0;0.0;0.0;0.0;0.0;0.0;5.0;0.0;0.0;0.0;0.0;0.0;3.0;0.0;0.0;0.0;0.0;0.0;0.0;0.0;0.0;0.0;4.0;0.0;0.0;0.0;0.0;0.0;0.0;2.0;0.0;0.0;0.0;0.0;0.0;0.0;0.0;0.0;0.0;0.0;0.0;0.0;0.0;0.0;0.0;0.0;0.0;0.0
5908.0;3.0;2.0;0.0;0.0;0.0;0.0;1.0;4.0;0.0;0.0;0.0;0.0;0.0;0.0;0.0;0.0;0.0;0.0;0.0;0.0;0.0;0.0;0.0;0.0;5.0;0.0;0.0;0.0;0.0;0.0;0.0;5.0;0.0;0.0;0.0;5.0;0.0;0.0;0.0;0.0;0.0;0.0;0.0;0.0;0.0;0.0;0.0;0.0;0.0;0.0;0.0;4.0;0.0;0.0;0.0;0.0;0.0;0.0;0.0;0.0;0.0;0.0;1.0;0.0;0.0
5913.0;3.0;2.0;0.0;2.0;2.0;1.0;10.0;2.72972972972973;4.0;2.0;3.0;0.0;2.0;2.0;3.0;4.0;0.0;0.0;0.0;0.0;0.0;0.0;0.0;3.0;2.0;1.0;0.0;0.0;0.0;3.0;0.0;4.0;3.0;5.0;5.0;5.0;5.0;5.0;0.0;0.0;5.0;1.0;0.0;3.0;0.0;0.0;2.0;0.0;0.0;3.0;0.0;4.0;3.0;3.0;1.0;0.0;0.0;0.0;0.0;3.0;2.0;0.0;3.0;0.0;0.0
5914.0;3.0;2.0;0.0;2.0;4.0;0.0;14.0;2.5348837209302326;4.0;2.0;2.0;0.0;1.0;0.0;3.0;3.0;0.0;0.0;0.0;0.0;0.0;0.0;0.0;3.0;3.0;3.0;0.0;0.0;1.0;0.0;0.0;4.0;3.0;5.0;5.0;5.0;4.0;4.0;5.0;0.0;3.0;2.0;4.0;0.0;0.0;0.0;2.0;2.0;0.0;2.0;4.0;4.0;3.0;0.0;0.0;0.0;0.0;0.0;0.0;4.0;2.0;1.0;2.0;3.0;0.0
5916.0;3.0;2.0;0.0;0.0;1.0;0.0;3.0;2.769230769230769;3.0;0.0;1.0;0.0;0.0;0.0;1.0;4.0;0.0;0.0;0.0;0.0;0.0;0.0;0.0;0.0;3.0;0.0;0.0;0.0;0.0;0.0;0.0;5.0;0.0;0.0;0.0;4.0;0.0;0.0;0.0;0.0;0.0;0.0;0.0;0.0;0.0;0.0;2.0;0.0;0.0;2.0;0.0;4.0;3.0;0.0;0.0;0.0;0.0;0.0;0.0;0.0;0.0;0.0;3.0;0.0;0.0
5941.0;3.0;1.0;0.0;4.0;8.0;1.0;9.0;2.7027027027027026;4.0;2.0;2.0;0.0;3.0;0.0;2.0;3.0;0.0;0.0;0.0;0.0;0.0;0.0;0.0;0.0;3.0;2.0;0.0;0.0;0.0;2.0;0.0;3.0;4.0;3.0;5.0;5.0;5.0;5.0;4.0;0.0;3.0;1.0;0.0;1.0;0.0;0.0;2.0;0.0;0.0;2.0;1.0;5.0;2.0;3.0;0.0;0.0;0.0;0.0;0.0;3.0;2.0;5.0;4.0;3.0;0.0
5942.0;2.0;1.0;0.0;4.0;3.0;0.0;5.0;3.4193548387096775;5.0;4.0;4.0;4.0;3.0;2.0;3.0;3.0;4.0;5.0;3.0;2.0;2.0;3.0;4.0;5.0;4.0;3.0;4.0;4.0;3.0;2.0;4.0;4.0;3.0;3.0;5.0;5.0;5.0;5.0;5.0;5.0;3.0;2.0;4.0;2.0;5.0;4.0;3.0;5.0;3.0;2.0;4.0;3.0;3.0;3.0;4.0;4.0;5.0;4.0;4.0;3.0;4.0;4.0;3.0;3.0;3.0
5946.0;2.0;1.0;0.0;3.0;5.0;3.0;1.0;3.9827586206896552;4.0;5.0;3.0;5.0;3.0;3.0;4.0;4.0;3.0;5.0;3.0;2.0;2.0;3.0;4.0;5.0;3.0;2.0;4.0;4.0;4.0;3.0;4.0;5.0;4.0;3.0;5.0;5.0;5.0;5.0;5.0;5.0;5.0;2.0;5.0;4.0;5.0;4.0;5.0;5.0;2.0;4.0;4.0;4.0;4.0;5.0;5.0;4.0;5.0;5.0;4.0;4.0;5.0;4.0;3.0;5.0;4.0
5998.0;3.0;1.0;0.0;2.0;4.0;0.0;2.0;2.9444444444444446;3.0;0.0;0.0;0.0;0.0;0.0;0.0;2.0;0.0;0.0;0.0;0.0;0.0;0.0;0.0;0.0;2.0;0.0;0.0;0.0;0.0;0.0;0.0;4.0;0.0;4.0;3.0;4.0;3.0;5.0;5.0;0.0;2.0;0.0;0.0;0.0;0.0;0.0;0.0;0.0;0.0;2.0;0.0;3.0;3.0;0.0;0.0;0.0;0.0;0.0;0.0;0.0;0.0;0.0;2.0;4.0;0.0
5999.0;3.0;1.0;0.0;2.0;1.0;0.0;2.0;3.125;2.0;0.0;0.0;0.0;0.0;0.0;0.0;2.0;0.0;0.0;0.0;0.0;0.0;0.0;0.0;0.0;0.0;0.0;0.0;0.0;0.0;0.0;0.0;2.0;0.0;3.0;5.0;4.0;5.0;5.0;5.0;0.0;2.0;0.0;0.0;0.0;0.0;0.0;0.0;0.0;0.0;0.0;0.0;4.0;3.0;0.0;0.0;0.0;0.0;0.0;0.0;3.0;0.0;0.0;3.0;1.0;0.0
6000.0;3.0;2.0;0.0;2.0;7.0;0.0;3.0;3.3214285714285716;5.0;0.0;0.0;1.0;0.0;0.0;4.0;3.0;0.0;0.0;0.0;0.0;0.0;0.0;0.0;0.0;3.0;3.0;0.0;0.0;0.0;2.0;0.0;4.0;3.0;4.0;4.0;4.0;4.0;5.0;5.0;0.0;4.0;0.0;0.0;2.0;4.0;0.0;2.0;0.0;0.0;2.0;3.0;4.0;3.0;5.0;0.0;0.0;0.0;0.0;0.0;5.0;0.0;0.0;3.0;0.0;0.0
6005.0;3.0;1.0;0.0;2.0;8.0;0.0;0.0;3.375;4.0;0.0;0.0;0.0;0.0;0.0;3.0;3.0;0.0;0.0;0.0;0.0;0.0;0.0;0.0;0.0;2.0;0.0;0.0;0.0;0.0;0.0;0.0;3.0;4.0;0.0;4.0;4.0;5.0;0.0;0.0;0.0;3.0;0.0;0.0;0.0;0.0;0.0;2.0;0.0;0.0;0.0;0.0;3.0;3.0;5.0;0.0;0.0;0.0;0.0;0.0;3.0;0.0;0.0;3.0;0.0;0.0
6013.0;2.0;1.0;0.0;4.0;9.0;1.0;5.0;3.3548387096774195;3.0;4.0;2.0;4.0;3.0;3.0;2.0;3.0;3.0;4.0;4.0;2.0;3.0;5.0;5.0;5.0;2.0;2.0;3.0;4.0;2.0;4.0;3.0;5.0;3.0;4.0;4.0;5.0;5.0;4.0;4.0;5.0;4.0;2.0;2.0;4.0;5.0;3.0;3.0;5.0;4.0;4.0;3.0;4.0;4.0;4.0;2.0;4.0;4.0;2.0;3.0;3.0;5.0;4.0;3.0;4.0;4.0
6027.0;2.0;1.0;0.0;4.0;6.0;0.0;4.0;3.557377049180328;5.0;5.0;3.0;2.0;3.0;4.0;3.0;4.0;2.0;5.0;2.0;3.0;3.0;3.0;3.0;5.0;3.0;3.0;4.0;3.0;4.0;3.0;4.0;4.0;5.0;4.0;5.0;5.0;5.0;5.0;4.0;5.0;3.0;2.0;4.0;3.0;4.0;4.0;3.0;3.0;4.0;2.0;3.0;5.0;3.0;4.0;5.0;4.0;4.0;4.0;3.0;4.0;5.0;5.0;3.0;4.0;4.0
6031.0;3.0;2.0;0.0;0.0;0.0;0.0;2.0;2.875;0.0;0.0;0.0;0.0;0.0;0.0;0.0;3.0;0.0;0.0;0.0;0.0;0.0;0.0;0.0;0.0;3.0;0.0;0.0;0.0;0.0;0.0;0.0;5.0;0.0;0.0;0.0;5.0;0.0;0.0;0.0;0.0;0.0;0.0;0.0;0.0;0.0;0.0;0.0;0.0;0.0;1.0;0.0;3.0;0.0;0.0;0.0;0.0;0.0;0.0;0.0;0.0;0.0;0.0;2.0;0.0;0.0
6032.0;3.0;2.0;0.0;2.0;6.0;1.0;4.0;3.2;5.0;0.0;1.0;0.0;0.0;0.0;0.0;3.0;0.0;0.0;0.0;0.0;0.0;0.0;0.0;0.0;4.0;3.0;0.0;0.0;0.0;0.0;0.0;5.0;0.0;0.0;5.0;5.0;0.0;0.0;0.0;0.0;0.0;1.0;0.0;0.0;0.0;0.0;2.0;0.0;0.0;0.0;0.0;4.0;5.0;0.0;0.0;0.0;0.0;0.0;0.0;0.0;0.0;0.0;3.0;0.0;0.0
6035.0;3.0;1.0;0.0;1.0;4.0;0.0;1.0;2.875;0.0;0.0;0.0;0.0;0.0;0.0;0.0;4.0;0.0;0.0;0.0;0.0;0.0;0.0;0.0;0.0;2.0;0.0;0.0;0.0;0.0;0.0;0.0;3.0;0.0;0.0;3.0;4.0;0.0;0.0;0.0;0.0;2.0;0.0;0.0;0.0;0.0;0.0;0.0;0.0;0.0;0.0;0.0;4.0;0.0;0.0;0.0;0.0;0.0;0.0;0.0;0.0;0.0;0.0;1.0;0.0;0.0
6039.0;3.0;1.0;0.0;2.0;1.0;0.0;2.0;2.8333333333333335;3.0;0.0;0.0;0.0;0.0;0.0;1.0;2.0;0.0;0.0;0.0;0.0;0.0;0.0;0.0;0.0;1.0;0.0;0.0;0.0;0.0;0.0;0.0;5.0;0.0;3.0;0.0;5.0;0.0;0.0;0.0;0.0;0.0;0.0;0.0;0.0;0.0;0.0;0.0;0.0;0.0;2.0;0.0;3.0;3.0;4.0;0.0;0.0;0.0;0.0;0.0;0.0;0.0;0.0;2.0;0.0;0.0
6054.0;3.0;1.0;0.0;2.0;8.0;1.0;4.0;3.09375;4.0;3.0;2.0;0.0;2.0;0.0;2.0;2.0;0.0;0.0;0.0;0.0;0.0;0.0;0.0;4.0;2.0;3.0;0.0;0.0;0.0;0.0;0.0;3.0;3.0;3.0;5.0;5.0;5.0;5.0;5.0;0.0;3.0;1.0;0.0;0.0;0.0;0.0;3.0;0.0;0.0;0.0;3.0;4.0;4.0;4.0;0.0;0.0;0.0;0.0;0.0;3.0;2.0;5.0;3.0;3.0;0.0
6056.0;3.0;1.0;0.0;2.0;5.0;0.0;4.0;3.34375;5.0;0.0;0.0;0.0;4.0;2.0;1.0;3.0;0.0;4.0;0.0;0.0;0.0;3.0;0.0;5.0;2.0;2.0;0.0;0.0;0.0;3.0;4.0;5.0;3.0;4.0;3.0;4.0;5.0;5.0;0.0;0.0;4.0;0.0;4.0;4.0;0.0;0.0;0.0;0.0;0.0;0.0;0.0;5.0;4.0;4.0;0.0;0.0;0.0;0.0;0.0;3.0;3.0;0.0;0.0;2.0;4.0
6066.0;3.0;2.0;0.0;0.0;2.0;1.0;0.0;3.5;5.0;0.0;0.0;0.0;0.0;0.0;0.0;3.0;0.0;0.0;0.0;0.0;0.0;0.0;0.0;0.0;2.0;0.0;0.0;0.0;0.0;0.0;0.0;5.0;0.0;0.0;0.0;5.0;0.0;0.0;0.0;0.0;0.0;0.0;0.0;0.0;0.0;0.0;2.0;0.0;0.0;2.0;0.0;4.0;4.0;0.0;0.0;0.0;0.0;0.0;0.0;0.0;0.0;0.0;3.0;0.0;0.0
6072.0;3.0;1.0;0.0;0.0;2.0;0.0;2.0;3.5;5.0;0.0;0.0;0.0;0.0;0.0;0.0;4.0;0.0;0.0;0.0;0.0;0.0;0.0;0.0;0.0;3.0;0.0;0.0;0.0;0.0;0.0;0.0;5.0;0.0;0.0;5.0;5.0;0.0;0.0;0.0;0.0;0.0;0.0;0.0;0.0;0.0;0.0;2.0;0.0;0.0;0.0;0.0;4.0;4.0;0.0;0.0;0.0;0.0;0.0;0.0;0.0;0.0;0.0;3.0;0.0;0.0
6073.0;3.0;1.0;0.0;2.0;7.0;0.0;3.0;2.8;5.0;0.0;2.0;0.0;0.0;0.0;3.0;2.0;0.0;0.0;0.0;0.0;0.0;0.0;0.0;0.0;2.0;0.0;0.0;0.0;0.0;0.0;0.0;4.0;3.0;0.0;5.0;4.0;4.0;0.0;0.0;0.0;3.0;0.0;0.0;0.0;0.0;0.0;2.0;0.0;0.0;0.0;0.0;2.0;2.0;5.0;0.0;0.0;0.0;0.0;0.0;3.0;0.0;0.0;2.0;0.0;0.0
6085.0;3.0;1.0;0.0;1.0;1.0;1.0;1.0;3.9473684210526314;5.0;5.0;4.0;0.0;3.0;0.0;4.0;5.0;0.0;0.0;4.0;0.0;0.0;0.0;0.0;0.0;3.0;4.0;0.0;0.0;0.0;0.0;0.0;5.0;0.0;0.0;4.0;5.0;0.0;0.0;0.0;0.0;0.0;2.0;0.0;0.0;0.0;0.0;5.0;0.0;0.0;2.0;0.0;5.0;5.0;0.0;0.0;0.0;0.0;0.0;0.0;0.0;0.0;0.0;4.0;0.0;0.0
6091.0;3.0;2.0;0.0;0.0;2.0;0.0;0.0;3.25;0.0;0.0;0.0;0.0;0.0;0.0;0.0;0.0;0.0;0.0;0.0;0.0;0.0;0.0;0.0;0.0;0.0;0.0;0.0;0.0;0.0;0.0;0.0;5.0;0.0;0.0;4.0;3.0;0.0;0.0;0.0;0.0;0.0;0.0;0.0;0.0;0.0;0.0;2.0;0.0;0.0;2.0;0.0;3.0;4.0;0.0;0.0;0.0;0.0;0.0;0.0;0.0;0.0;0.0;3.0;0.0;0.0
6137.0;3.0;1.0;0.0;3.0;9.0;0.0;7.0;3.1315789473684212;5.0;0.0;3.0;0.0;3.0;0.0;3.0;3.0;0.0;0.0;2.0;0.0;0.0;0.0;0.0;4.0;3.0;3.0;1.0;0.0;3.0;2.0;0.0;5.0;4.0;0.0;5.0;5.0;5.0;4.0;4.0;0.0;4.0;1.0;0.0;4.0;0.0;0.0;2.0;0.0;0.0;2.0;3.0;5.0;5.0;4.0;0.0;0.0;0.0;0.0;0.0;4.0;4.0;3.0;3.0;3.0;0.0
6139.0;3.0;1.0;0.0;0.0;0.0;1.0;0.0;3.5;4.0;0.0;0.0;0.0;0.0;0.0;2.0;4.0;0.0;0.0;0.0;0.0;0.0;0.0;0.0;0.0;3.0;0.0;0.0;0.0;0.0;0.0;0.0;5.0;0.0;0.0;4.0;5.0;0.0;0.0;0.0;0.0;0.0;0.0;0.0;0.0;0.0;0.0;3.0;0.0;0.0;2.0;0.0;3.0;4.0;0.0;0.0;0.0;0.0;0.0;0.0;0.0;0.0;0.0;3.0;0.0;0.0
6142.0;3.0;2.0;0.0;3.0;15.0;0.0;8.0;3.0697674418604652;4.0;3.0;2.0;5.0;4.0;2.0;3.0;4.0;0.0;0.0;2.0;0.0;0.0;0.0;0.0;5.0;3.0;2.0;2.0;0.0;3.0;4.0;0.0;5.0;4.0;0.0;5.0;4.0;5.0;0.0;0.0;0.0;4.0;1.0;0.0;4.0;5.0;0.0;3.0;0.0;0.0;2.0;3.0;4.0;4.0;4.0;2.0;1.0;0.0;0.0;0.0;4.0;4.0;3.0;3.0;4.0;0.0
6143.0;3.0;1.0;0.0;3.0;4.0;1.0;4.0;3.103448275862069;3.0;5.0;2.0;0.0;0.0;0.0;1.0;3.0;0.0;0.0;2.0;0.0;0.0;0.0;0.0;2.0;2.0;4.0;0.0;0.0;0.0;3.0;3.0;5.0;4.0;3.0;4.0;3.0;5.0;4.0;0.0;0.0;0.0;0.0;0.0;1.0;0.0;0.0;1.0;0.0;0.0;2.0;4.0;3.0;3.0;5.0;0.0;0.0;0.0;5.0;0.0;0.0;0.0;0.0;2.0;0.0;5.0
6163.0;3.0;1.0;0.0;2.0;3.0;0.0;3.0;3.142857142857143;3.0;0.0;0.0;0.0;0.0;0.0;1.0;3.0;0.0;0.0;0.0;0.0;0.0;0.0;0.0;0.0;3.0;0.0;0.0;0.0;0.0;0.0;0.0;4.0;0.0;0.0;5.0;5.0;5.0;0.0;0.0;0.0;1.0;0.0;0.0;0.0;0.0;0.0;3.0;0.0;0.0;0.0;0.0;4.0;3.0;0.0;0.0;0.0;0.0;0.0;0.0;0.0;0.0;0.0;3.0;0.0;0.0
6176.0;3.0;1.0;0.0;0.0;0.0;0.0;2.0;3.0;0.0;0.0;0.0;0.0;0.0;0.0;0.0;1.0;0.0;0.0;0.0;0.0;0.0;0.0;0.0;0.0;2.0;0.0;0.0;0.0;0.0;0.0;0.0;4.0;0.0;0.0;5.0;4.0;0.0;0.0;0.0;0.0;0.0;0.0;0.0;0.0;0.0;0.0;0.0;0.0;0.0;0.0;0.0;4.0;0.0;0.0;0.0;0.0;0.0;0.0;0.0;0.0;0.0;0.0;1.0;0.0;0.0
6177.0;3.0;1.0;0.0;3.0;7.0;1.0;6.0;2.933333333333333;4.0;1.0;2.0;0.0;0.0;0.0;3.0;4.0;0.0;0.0;2.0;0.0;0.0;0.0;0.0;0.0;2.0;3.0;0.0;0.0;0.0;3.0;0.0;5.0;3.0;0.0;5.0;5.0;5.0;5.0;3.0;0.0;3.0;1.0;0.0;0.0;0.0;0.0;2.0;0.0;0.0;0.0;0.0;3.0;2.0;4.0;0.0;0.0;0.0;0.0;0.0;3.0;3.0;4.0;4.0;1.0;0.0
6178.0;3.0;1.0;0.0;0.0;1.0;0.0;0.0;3.5833333333333335;4.0;2.0;0.0;0.0;0.0;0.0;2.0;4.0;0.0;0.0;0.0;0.0;0.0;0.0;0.0;0.0;0.0;0.0;0.0;0.0;0.0;0.0;0.0;0.0;0.0;0.0;5.0;4.0;0.0;0.0;0.0;0.0;0.0;0.0;0.0;0.0;0.0;0.0;0.0;0.0;0.0;0.0;0.0;5.0;4.0;0.0;0.0;0.0;0.0;0.0;0.0;3.0;4.0;0.0;3.0;0.0;3.0
6243.0;3.0;1.0;0.0;0.0;0.0;0.0;1.0;3.75;0.0;0.0;4.0;0.0;0.0;0.0;0.0;5.0;0.0;0.0;0.0;0.0;0.0;0.0;0.0;0.0;3.0;0.0;0.0;0.0;0.0;0.0;0.0;5.0;0.0;0.0;0.0;5.0;0.0;0.0;0.0;0.0;0.0;0.0;0.0;0.0;0.0;0.0;3.0;0.0;0.0;0.0;0.0;4.0;0.0;0.0;0.0;0.0;0.0;0.0;0.0;0.0;0.0;0.0;1.0;0.0;0.0
6250.0;3.0;1.0;0.0;2.0;4.0;0.0;2.0;3.2941176470588234;0.0;0.0;1.0;0.0;0.0;0.0;0.0;5.0;0.0;0.0;3.0;0.0;0.0;0.0;0.0;0.0;3.0;0.0;0.0;0.0;0.0;5.0;0.0;5.0;0.0;0.0;5.0;5.0;4.0;0.0;0.0;0.0;3.0;0.0;0.0;0.0;0.0;0.0;2.0;0.0;0.0;3.0;0.0;4.0;2.0;0.0;0.0;0.0;0.0;0.0;0.0;3.0;0.0;0.0;2.0;0.0;0.0
6274.0;3.0;1.0;0.0;0.0;4.0;0.0;0.0;3.0;0.0;0.0;0.0;0.0;0.0;0.0;0.0;3.0;0.0;0.0;0.0;0.0;0.0;0.0;0.0;0.0;3.0;0.0;0.0;0.0;0.0;0.0;0.0;4.0;0.0;0.0;0.0;3.0;0.0;0.0;0.0;0.0;0.0;0.0;0.0;0.0;0.0;0.0;0.0;0.0;0.0;0.0;0.0;0.0;0.0;0.0;0.0;0.0;0.0;0.0;0.0;0.0;0.0;0.0;2.0;0.0;0.0
6301.0;3.0;1.0;0.0;1.0;3.0;0.0;0.0;4.5;0.0;0.0;0.0;0.0;0.0;0.0;0.0;0.0;0.0;0.0;0.0;0.0;0.0;0.0;0.0;0.0;0.0;0.0;0.0;0.0;0.0;0.0;0.0;0.0;0.0;0.0;0.0;5.0;0.0;0.0;0.0;0.0;0.0;0.0;0.0;0.0;0.0;0.0;5.0;0.0;0.0;0.0;0.0;5.0;0.0;0.0;0.0;0.0;0.0;0.0;0.0;0.0;0.0;0.0;3.0;0.0;0.0
6313.0;3.0;2.0;0.0;1.0;0.0;1.0;0.0;4.6;0.0;0.0;0.0;0.0;0.0;0.0;0.0;0.0;0.0;0.0;0.0;0.0;0.0;0.0;0.0;0.0;0.0;0.0;0.0;0.0;0.0;0.0;0.0;0.0;0.0;0.0;0.0;5.0;0.0;0.0;0.0;0.0;0.0;0.0;0.0;0.0;0.0;0.0;5.0;0.0;0.0;4.0;0.0;5.0;0.0;0.0;0.0;0.0;0.0;0.0;0.0;0.0;0.0;0.0;4.0;0.0;0.0
6380.0;3.0;2.0;0.0;1.0;0.0;0.0;1.0;2.25;0.0;0.0;0.0;0.0;0.0;0.0;0.0;0.0;0.0;0.0;0.0;0.0;0.0;0.0;0.0;0.0;0.0;0.0;0.0;0.0;0.0;0.0;0.0;0.0;0.0;0.0;0.0;2.0;0.0;0.0;0.0;0.0;0.0;0.0;0.0;0.0;0.0;0.0;0.0;0.0;0.0;1.0;0.0;4.0;0.0;0.0;0.0;0.0;0.0;0.0;0.0;0.0;0.0;0.0;2.0;0.0;0.0
